"","Rank","Study.Results","Gender","Phases","Funded.Bys","Start.Date","Primary.Completion.Date","Completion.Date","Results.First.Posted","DaysInterval","Country","City","Multicentric"
"1",1,"No Results Available","All","Phase 1|Phase 2","Other","June 2012",2015-02-01,2015-04-01,NA,NA," Spain"," Murcia","0"
"2",2,"No Results Available","All","Phase 2","Industry|Other","May 2010",2014-07-01,2014-07-01,NA,NA," Spain"," Madrid","0"
"3",3,"No Results Available","All","Phase 2","NIH|Other","February 2011",2012-06-01,2013-12-01,NA,NA," Spain"," Navarra","0"
"4",4,"No Results Available","All","Phase 2","Other","August 2011",2014-09-01,2014-09-01,NA,NA," Spain"," Barcelona","0"
"5",5,"No Results Available","Female","Phase 2","Other","March 2013",2013-07-01,2013-07-01,NA,NA," Spain"," LÂ´Hospitalet de Llobregat","0"
"6",6,"No Results Available","All","Phase 4","Industry|Other","February 2013",2013-12-01,2014-06-01,NA,NA," Spain"," Madrid","0"
"7",7,"No Results Available","All","Phase 2","Industry|Other","August 2009",2014-07-01,2014-07-01,NA,NA," Spain"," Madrid","0"
"8",8,"No Results Available","All","Phase 2","Industry|Other","December 2009",2013-01-01,2016-08-01,NA,NA," Spain"," Madrid","0"
"9",9,"No Results Available","All","Phase 2","Industry|Other","May 2009",2015-03-01,2015-03-01,NA,NA," Spain"," Madrid","0"
"10",10,"No Results Available","All","Phase 2","Other","August 2010",2015-06-01,2015-06-01,NA,NA," Spain"," Madrid","0"
"11",11,"No Results Available","All","Phase 2","Industry|Other","February 2011",2015-06-01,2015-06-01,NA,NA," Spain"," Madrid","0"
"12",12,"No Results Available","All","Phase 2","Industry|Other","April 2009",2012-05-01,2012-05-01,NA,NA," Spain"," Madrid","0"
"13",13,"No Results Available","All","Phase 2","Industry|Other","February 2010",2013-11-01,2013-11-01,NA,NA," Spain"," Madrid","0"
"14",14,"No Results Available","All","Phase 1","Industry","March 2010",2012-07-01,2012-07-01,NA,NA,"Multicentric","Multicentric","1"
"15",15,"No Results Available","All","Phase 2","Industry|Other","June 2013",2016-04-01,2016-04-01,NA,NA," Spain"," Madrid","0"
"16",16,"No Results Available","All","Phase 1","Industry","September 2013",2015-04-01,2015-04-01,NA,NA," Spain"," Madrid","0"
"17",17,"No Results Available","All","Phase 2","Other","October 2012",2016-07-01,2016-07-01,NA,NA," Spain"," Madrid","0"
"18",18,"No Results Available","All","Phase 1","Industry","August 2009",2011-03-01,2011-03-01,NA,NA," Spain"," Barcelona","0"
"19",19,"No Results Available","All","Phase 1|Phase 2","Other","May 2016",2016-09-01,2017-03-01,NA,NA," Spain"," Malaga","0"
"20",20,"No Results Available","Male","Phase 2","Other","June 2013",2016-09-01,2017-01-01,NA,NA," Spain"," Madrid","0"
"21",21,"No Results Available","All","Phase 4","Other","April 2012",2013-04-01,2013-06-01,NA,NA,"Multicentric","Multicentric","1"
"22",22,"No Results Available","All","Phase 2","Other","June 8, 2011",2014-09-01,2017-06-07,NA,NA," Spain"," Barcelona","0"
"23",23,"No Results Available","Female","Phase 1|Phase 2","Other","October 2011",2013-11-01,2014-04-01,NA,NA,"Multicentric","Multicentric","1"
"24",24,"No Results Available","All","Phase 1","Industry|Other","February 2014",2015-03-01,2015-04-01,NA,NA," Spain"," Barcelona","0"
"25",25,"No Results Available","All","Phase 2","Other","November 2012",2016-12-01,2016-12-01,NA,NA," Spain"," Navarra","0"
"26",26,"No Results Available","All","Phase 3","Other","March 2010",2015-07-01,2015-08-01,NA,NA,"Multicentric","Multicentric","1"
"27",27,"No Results Available","All","Phase 1","Other","June 2011",2012-06-01,2013-01-01,NA,NA," Spain"," Madrid","0"
"28",28,"No Results Available","All","Phase 4","Other","July 2013",2016-09-01,2016-10-01,NA,NA," Spain"," Barcelona","0"
"29",29,"Has Results","All","Phase 1","Industry","August 2008",2009-12-01,2010-08-01,2011-01-05,400,"Multicentric","Multicentric","1"
"30",30,"No Results Available","All","Phase 1","Industry","April 2013",2016-10-01,2016-10-01,NA,NA,"Multicentric","Multicentric","1"
"31",31,"No Results Available","All","Phase 1","Industry","March 2010",2015-02-01,2015-02-01,NA,NA,"Multicentric","Multicentric","1"
"32",32,"Has Results","Female","Phase 1","Industry","March 2011",2013-07-01,2016-04-01,2014-11-20,507,"Multicentric","Multicentric","1"
"33",33,"No Results Available","All","Phase 1|Phase 2","Other","January 2013",2014-12-01,2016-01-01,NA,NA," Spain"," Madrid","0"
"34",34,"No Results Available","All","Phase 1","Industry","January 2009",2011-06-01,2011-06-01,NA,NA,"Multicentric","Multicentric","1"
"35",35,"No Results Available","Male","Phase 2","Other","July 2011",2013-02-01,2013-02-01,NA,NA," Spain"," Madrid","0"
"36",36,"No Results Available","All","Phase 1","Industry","March 2009",2011-06-01,2011-06-01,NA,NA,"Multicentric","Multicentric","1"
"37",37,"Has Results","All","Phase 1","Industry","December 2013",2015-01-01,2016-04-01,2016-02-12,407,"Multicentric","Multicentric","1"
"38",38,"No Results Available","Female","Phase 1|Phase 2","Industry","January 2012",2014-05-01,2014-05-01,NA,NA,"Multicentric","Multicentric","1"
"39",39,"No Results Available","All","Phase 2","Industry|Other","November 2008",2012-05-01,2012-05-01,NA,NA," Spain"," Madrid","0"
"40",40,"No Results Available","Female","Phase 1","Industry","February 2012",2012-06-01,2012-06-01,NA,NA,"Multicentric","Multicentric","1"
"41",41,"No Results Available","All","Phase 1","Industry","May 2011",2013-10-01,2013-10-01,NA,NA,"Multicentric","Multicentric","1"
"42",42,"No Results Available","All","Phase 1","Industry","May 2009",2012-07-01,2012-07-01,NA,NA,"Multicentric","Multicentric","1"
"43",43,"No Results Available","All","Phase 1","Industry","June 2013",2015-04-01,2016-04-01,NA,NA,"Multicentric","Multicentric","1"
"44",44,"No Results Available","All","Phase 1","Industry","May 2010",2010-09-01,2010-09-01,NA,NA,"Multicentric","Multicentric","1"
"45",45,"No Results Available","All","Phase 1","Industry","January 2014",2016-10-01,2018-09-01,NA,NA,"Multicentric","Multicentric","1"
"46",46,"No Results Available","All","Phase 1|Phase 2","Other","October 2009",2010-11-01,2010-11-01,NA,NA," Spain"," Navarra","0"
"47",47,"No Results Available","All","Phase 1","Industry","November 2008",2011-09-01,2011-09-01,NA,NA,"Multicentric","Multicentric","1"
"48",48,"No Results Available","Male","Phase 1","Other","April 2011",2011-07-01,2011-07-01,NA,NA," Spain"," Madrid","0"
"49",49,"No Results Available","All","Phase 1","Industry","September 2013",2016-07-01,2016-07-01,NA,NA,"Multicentric","Multicentric","1"
"50",50,"No Results Available","All","Phase 2","Industry|Other","November 2012",2012-11-01,2014-12-01,NA,NA,"Multicentric","Multicentric","1"
"51",51,"No Results Available","All","Phase 1|Phase 2","Other","August 2011",2016-07-01,2016-07-01,NA,NA,"Multicentric","Multicentric","1"
"52",52,"No Results Available","All","Phase 1|Phase 2","Industry|Other","May 2013",2016-09-01,2016-09-01,NA,NA,"Multicentric","Multicentric","1"
"53",53,"No Results Available","All","Phase 1","Industry|Other","September 2013",2015-12-01,2017-03-01,NA,NA," Spain"," Navarra","0"
"54",54,"No Results Available","All","Phase 1","Industry","November 2015",2017-02-01,2017-02-01,NA,NA,"Multicentric","Multicentric","1"
"55",55,"No Results Available","All","Phase 1","Industry","September 8, 2010",2017-04-07,2017-04-07,NA,NA,"Multicentric","Multicentric","1"
"56",56,"No Results Available","All","Phase 1","Industry","February 19, 2015",2016-07-01,2016-08-01,NA,NA,"Multicentric","Multicentric","1"
"57",57,"No Results Available","All","Phase 1|Phase 2","Industry","July 2010",2016-09-01,2017-05-04,NA,NA,"Multicentric","Multicentric","1"
"58",58,"No Results Available","All","Phase 1","Industry","March 10, 2009",2009-11-24,2009-11-24,NA,NA,"Multicentric","Multicentric","1"
"59",59,"No Results Available","All","Phase 1","Industry","June 2008",2011-06-01,2011-06-01,NA,NA,"Multicentric","Multicentric","1"
"60",60,"No Results Available","All","Phase 1|Phase 2","Other","April 2013",2016-04-01,2016-04-01,NA,NA,"Multicentric","Multicentric","1"
"61",61,"No Results Available","All","Phase 1|Phase 2","Industry","September 20, 2012",2016-04-29,2016-04-29,NA,NA,"Multicentric","Multicentric","1"
"62",62,"No Results Available","All","Phase 1","Industry","July 2011",2015-06-01,2015-06-01,NA,NA,"Multicentric","Multicentric","1"
"63",63,"No Results Available","All","Phase 1|Phase 2","Industry","April 2010",2015-05-09,2016-07-20,NA,NA,"Multicentric","Multicentric","1"
"64",64,"No Results Available","All","Phase 1","Industry","November 9, 2010",2013-12-03,2018-04-23,NA,NA,"Multicentric","Multicentric","1"
"65",65,"No Results Available","Female","Phase 1|Phase 2","Industry","June 2010",2013-04-01,2013-04-01,NA,NA,"Multicentric","Multicentric","1"
"66",66,"No Results Available","All","Phase 2","Industry","March 2014",2016-11-01,2017-10-05,NA,NA,"Multicentric","Multicentric","1"
"67",67,"No Results Available","All","Phase 1","Industry","March 5, 2014",2016-08-19,2016-08-19,NA,NA,"Multicentric","Multicentric","1"
"68",68,"Has Results","Female","Phase 2|Phase 3","Industry","August 2012",2015-06-01,2015-06-01,2017-01-27,606,"Multicentric","Multicentric","1"
"69",69,"Has Results","All","Phase 1|Phase 2","Industry","April 29, 2008",2009-10-01,2018-06-07,2018-05-08,3141,"Multicentric","Multicentric","1"
"70",70,"Has Results","All","Phase 1","Industry","April 2012",2015-01-01,2015-01-01,2016-03-28,452,"Multicentric","Multicentric","1"
"71",71,"Has Results","All","Phase 1|Phase 2","Industry","March 2010",2015-02-01,2015-05-01,2017-07-12,892,"Multicentric","Multicentric","1"
"72",72,"No Results Available","Female","Phase 2","Industry|Other","October 2009",2010-10-01,2011-05-01,NA,NA,"Multicentric","Multicentric","1"
"73",73,"Has Results","All","Phase 1|Phase 2","Industry","June 2011",2015-11-01,2016-12-01,2018-05-16,927,"Multicentric","Multicentric","1"
"74",74,"Has Results","All","Phase 1|Phase 2","Industry","December 9, 2008",2010-11-01,2018-06-01,2017-11-09,2565,"Multicentric","Multicentric","1"
"75",75,"No Results Available","Female","Phase 3","Industry","April 29, 2013",2016-05-05,2017-01-27,NA,NA,"Multicentric","Multicentric","1"
"76",76,"No Results Available","All","Phase 1","Industry","August 2014",2015-11-01,2015-11-01,NA,NA,"Multicentric","Multicentric","1"
"77",77,"Has Results","All","Phase 1|Phase 2","Industry","October 2009",2015-04-01,2015-04-01,2016-03-30,364,"Multicentric","Multicentric","1"
"78",78,"No Results Available","Female","Phase 4","Industry|Other","May 2011",2013-03-01,2014-04-01,NA,NA,"Multicentric","Multicentric","1"
"79",79,"Has Results","Male","Phase 2","Industry","October 2010",2012-09-01,2013-10-01,2018-11-02,2253,"Multicentric","Multicentric","1"
"80",80,"Has Results","All","Phase 3","Industry","February 21, 2011",2014-05-12,2017-10-20,2015-09-03,479,"Multicentric","Multicentric","1"
"81",81,"No Results Available","All","Phase 1|Phase 2","Industry","October 2012",2016-12-01,2017-05-16,NA,NA,"Multicentric","Multicentric","1"
"82",82,"No Results Available","All","Phase 2","Other","August 2011",2013-12-01,2015-05-01,NA,NA,"Multicentric","Multicentric","1"
"83",83,"No Results Available","Female","Phase 2","Other","December 2012",2015-12-01,2015-12-01,NA,NA,"Multicentric","Multicentric","1"
"84",84,"No Results Available","Female","Phase 2","Other","June 2013",2016-01-01,2016-01-01,NA,NA,"Multicentric","Multicentric","1"
"85",85,"Has Results","All","Phase 1|Phase 2","Industry","February 2011",2013-05-01,2014-08-01,2018-05-18,1843,"Multicentric","Multicentric","1"
"86",86,"No Results Available","All","Phase 2","Other","March 2009",2013-01-01,2013-06-01,NA,NA,"Multicentric","Multicentric","1"
"87",87,"Has Results","Female","Phase 2","Industry","September 15, 2008",2013-11-29,2017-12-20,2015-03-19,475,"Multicentric","Multicentric","1"
"88",88,"No Results Available","All","Phase 3","Industry","June 17, 2012",2014-01-24,2016-05-23,NA,NA,"Multicentric","Multicentric","1"
"89",89,"Has Results","Female","Phase 2","Industry","December 2015",2017-10-01,2017-10-01,2018-10-23,387,"Multicentric","Multicentric","1"
"90",90,"Has Results","Male","Phase 3","Industry","November 2009",2011-11-01,2013-06-01,2015-07-15,1352,"Multicentric","Multicentric","1"
"91",91,"Has Results","All","Phase 2","Industry","December 2011",2014-12-01,2014-12-01,2016-06-15,562,"Multicentric","Multicentric","1"
"92",92,"No Results Available","Male","Phase 2","Other","May 2012",2016-06-01,2016-07-01,NA,NA,"Multicentric","Multicentric","1"
"93",93,"No Results Available","Female","Phase 2","Other","April 2014",2016-10-10,2016-10-10,NA,NA,"Multicentric","Multicentric","1"
"94",94,"Has Results","All","Phase 1|Phase 2","Industry","June 2009",2012-04-01,2015-02-01,2014-09-29,911,"Multicentric","Multicentric","1"
"95",95,"Has Results","Female","Phase 2","Industry","April 2008",2009-08-01,2012-01-01,2011-09-20,780,"Multicentric","Multicentric","1"
"96",96,"No Results Available","Male","Phase 2","Industry","March 2008",2011-08-01,2012-04-01,NA,NA,"Multicentric","Multicentric","1"
"97",97,"No Results Available","All","Phase 1","Industry","July 2, 2013",2017-03-24,2018-04-30,NA,NA,"Multicentric","Multicentric","1"
"98",98,"Has Results","Female","Phase 2","Industry","August 2012",2014-09-01,2014-09-01,2016-08-31,730,"Multicentric","Multicentric","1"
"99",99,"Has Results","All","Phase 3","Industry","April 2010",2011-07-01,2014-01-01,2012-11-19,507,"Multicentric","Multicentric","1"
"100",100,"No Results Available","All","Phase 1|Phase 2","Industry","December 2014",2016-05-31,2017-06-23,NA,NA,"Multicentric","Multicentric","1"
"101",101,"No Results Available","Female","Phase 2","Industry|Other","October 2013",2016-06-01,2017-12-01,NA,NA,"Multicentric","Multicentric","1"
"102",102,"Has Results","Female","Phase 2","Industry","August 2009",2012-01-01,2013-07-01,2015-09-30,1368,"Multicentric","Multicentric","1"
"103",103,"Has Results","All","Phase 1|Phase 2","Industry","April 2010",2016-07-01,2016-07-01,2017-11-07,494,"Multicentric","Multicentric","1"
"104",104,"Has Results","Female","Phase 2","Industry","January 2009",2011-12-01,2013-01-01,2014-06-26,938,"Multicentric","Multicentric","1"
"105",105,"No Results Available","All","Phase 2","Other","January 2011",2017-03-15,2017-12-21,NA,NA,"Multicentric","Multicentric","1"
"106",106,"No Results Available","Male","Phase 3","Industry","November 2010",2014-02-01,2014-06-01,NA,NA,"Multicentric","Multicentric","1"
"107",107,"No Results Available","All","Phase 2","Industry","June 2009",2011-10-01,2012-01-01,NA,NA,"Multicentric","Multicentric","1"
"108",108,"No Results Available","All","Phase 2","Industry|Other","June 2012",2015-10-01,2015-10-01,NA,NA,"Multicentric","Multicentric","1"
"109",109,"Has Results","All","Phase 1|Phase 2","Industry","July 2009",2013-10-01,2013-10-01,2017-04-06,1283,"Multicentric","Multicentric","1"
"110",110,"Has Results","All","Phase 2","Industry","February 2009",2011-04-01,2012-01-01,2013-06-25,816,"Multicentric","Multicentric","1"
"111",111,"No Results Available","All","Phase 2","Industry|Other","August 2012",2015-06-01,2015-06-01,NA,NA,"Multicentric","Multicentric","1"
"112",112,"Has Results","Male","Phase 3","Industry","November 11, 2009",2012-01-13,2016-11-28,2013-09-05,601,"Multicentric","Multicentric","1"
"113",113,"Has Results","Female","Phase 2","Industry","September 30, 2013",2015-05-31,2017-11-30,2017-04-07,677,"Multicentric","Multicentric","1"
"114",114,"Has Results","All","Phase 3","Industry","September 2008",2010-08-01,2016-02-01,2012-03-27,604,"Multicentric","Multicentric","1"
"115",115,"Has Results","Male","Phase 3","Industry","September 30, 2009",2011-09-15,2017-11-02,2012-10-30,411,"Multicentric","Multicentric","1"
"116",116,"No Results Available","Female","Phase 2","Other","December 2010",2014-02-01,2015-12-01,NA,NA,"Multicentric","Multicentric","1"
"117",117,"No Results Available","Female","Phase 3","Industry","April 2009",2012-12-01,2013-04-01,NA,NA,"Multicentric","Multicentric","1"
"118",118,"No Results Available","Female","Phase 2","Industry|Other","September 2013",2015-02-01,2015-02-01,NA,NA,"Multicentric","Multicentric","1"
"119",119,"No Results Available","Male","Phase 3","Industry","July 22, 2012",2014-08-13,2016-02-28,NA,NA,"Multicentric","Multicentric","1"
"120",120,"Has Results","Female","Phase 2","Industry","August 21, 2009",2013-08-01,2018-06-28,2017-11-06,1558,"Multicentric","Multicentric","1"
"121",121,"Has Results","Female","Phase 3","Industry","October 2009",2015-06-01,2015-06-01,2017-04-05,674,"Multicentric","Multicentric","1"
"122",122,"Has Results","All","Phase 2","Industry","February 2009",2011-03-01,2012-12-01,2012-06-11,468,"Multicentric","Multicentric","1"
"123",123,"Has Results","Female","Phase 2","Industry|Other","February 17, 2015",2017-08-02,2017-08-02,2018-09-20,414,"Multicentric","Multicentric","1"
"124",124,"Has Results","Female","Phase 2","Industry|Other","November 12, 2014",2017-03-13,2017-03-13,2018-05-21,434,"Multicentric","Multicentric","1"
"125",125,"No Results Available","Female","Phase 2","Industry","August 2009",2013-09-01,2013-09-01,NA,NA,"Multicentric","Multicentric","1"
"126",126,"No Results Available","Male","Phase 3","Other","February 2011",2015-06-01,2015-08-01,NA,NA,"Multicentric","Multicentric","1"
"127",127,"Has Results","Female","Phase 2","Industry","February 4, 2009",2011-03-01,2018-06-03,2017-11-09,2445,"Multicentric","Multicentric","1"
"128",128,"Has Results","Male","Phase 1|Phase 2","Industry","December 22, 2013",2015-06-04,2017-04-12,2016-09-29,483,"Multicentric","Multicentric","1"
"129",129,"No Results Available","All","Phase 3","Industry","February 2008",2011-02-01,2011-02-01,NA,NA,"Multicentric","Multicentric","1"
"130",130,"No Results Available","Female","Phase 2","Industry|Other","October 2010",2015-09-01,2016-11-25,NA,NA,"Multicentric","Multicentric","1"
"131",131,"Has Results","Female","Phase 3","Industry","June 3, 2009",2014-12-04,2014-12-04,2012-08-31,-825,"Multicentric","Multicentric","1"
"132",132,"No Results Available","Female","Phase 3","Industry","December 2011",2016-04-01,2016-06-01,NA,NA,"Multicentric","Multicentric","1"
"133",133,"No Results Available","Female","Phase 3","Industry","October 3, 2012",2016-05-23,2017-09-21,NA,NA,"Multicentric","Multicentric","1"
"134",134,"No Results Available","All","Phase 2","Other","July 2013",2015-12-01,2015-12-01,NA,NA,"Multicentric","Multicentric","1"
"135",135,"Has Results","All","Phase 3","Industry","June 30, 2014",2015-12-31,2018-05-29,2017-06-08,525,"Multicentric","Multicentric","1"
"136",136,"Has Results","Male","Phase 3","Industry","April 28, 2009",2014-03-31,2017-05-25,2015-04-09,374,"Multicentric","Multicentric","1"
"137",137,"No Results Available","All","Phase 3","Industry","March 2010",2013-04-01,2013-04-01,NA,NA,"Multicentric","Multicentric","1"
"138",138,"No Results Available","All","Phase 2","Industry|Other","November 8, 2010",2015-02-13,2015-02-13,NA,NA,"Multicentric","Multicentric","1"
"139",139,"No Results Available","Female","Phase 3","Industry","May 2009",2011-12-01,2015-10-01,NA,NA,"Multicentric","Multicentric","1"
"140",140,"No Results Available","Female","Phase 2","Industry","February 6, 2013",2015-10-20,2015-12-10,NA,NA,"Multicentric","Multicentric","1"
"141",141,"Has Results","All","Phase 2","Industry","April 2012",2015-10-01,2015-10-01,2016-11-22,418,"Multicentric","Multicentric","1"
"142",142,"No Results Available","Female","Phase 2","Industry|Other","December 2013",2017-03-01,2017-04-04,NA,NA,"Multicentric","Multicentric","1"
"143",143,"Has Results","Female","Phase 2","Industry","October 2011",2013-05-01,2015-12-01,2015-06-08,768,"Multicentric","Multicentric","1"
"144",144,"No Results Available","All","Phase 2","Industry","March 12, 2014",2016-10-24,2017-04-26,NA,NA,"Multicentric","Multicentric","1"
"145",145,"Has Results","All","Phase 3","Industry","September 2011",2013-02-01,2015-08-01,2014-05-05,458,"Multicentric","Multicentric","1"
"146",146,"Has Results","Female","Phase 3","Industry","May 26, 2009",2012-07-08,2017-08-24,2013-12-19,529,"Multicentric","Multicentric","1"
"147",147,"Has Results","Female","Phase 3","Industry","February 2011",2013-12-01,2015-03-01,2015-06-30,576,"Multicentric","Multicentric","1"
"148",148,"Has Results","Female","Phase 3","Industry","June 22, 2010",2013-06-08,2018-06-07,2014-08-21,439,"Multicentric","Multicentric","1"
"149",149,"No Results Available","Female","Phase 2","Industry","March 2011",2016-03-01,2016-03-01,NA,NA,"Multicentric","Multicentric","1"
"150",150,"Has Results","Female","Phase 3","Industry","January 26, 2010",2015-05-29,2017-08-07,2016-10-13,503,"Multicentric","Multicentric","1"
"151",151,"No Results Available","Female","Phase 2","Industry|Other","September 2010",2012-10-01,2017-02-01,NA,NA,"Multicentric","Multicentric","1"
"152",152,"No Results Available","All","Phase 1","Industry","August 6, 2013",2016-10-07,2016-10-07,NA,NA,"Multicentric","Multicentric","1"
"153",153,"Has Results","All","Phase 2","Industry","December 2008",2015-12-01,2015-12-01,2015-12-08,7,"Multicentric","Multicentric","1"
"154",154,"Has Results","Female","Phase 3","Industry","July 2009",2014-06-01,2014-06-01,2015-03-03,275,"Multicentric","Multicentric","1"
"155",155,"Has Results","All","Phase 3","Industry","July 31, 2010",2014-09-30,2016-09-16,2017-02-23,877,"Multicentric","Multicentric","1"
"156",156,"Has Results","All","Phase 3","Industry","February 2009",2012-07-01,2015-09-01,2013-04-23,296,"Multicentric","Multicentric","1"
"157",157,"Has Results","All","Phase 2","Industry","December 2011",2013-09-01,2015-01-01,2015-04-03,579,"Multicentric","Multicentric","1"
"158",158,"Has Results","All","Phase 2","Industry","October 2010",2013-06-01,2013-06-01,2014-06-26,390,"Multicentric","Multicentric","1"
"159",159,"No Results Available","Female","Phase 2","Industry","July 2009",2011-03-01,2011-03-01,NA,NA,"Multicentric","Multicentric","1"
"160",160,"No Results Available","Male","Phase 3","Industry","November 28, 2011",2017-09-25,2017-12-15,NA,NA,"Multicentric","Multicentric","1"
"161",161,"No Results Available","All","Phase 2","Other","October 2009",2011-10-01,2011-10-01,NA,NA," Spain"," Madrid","0"
"162",162,"Has Results","Female","Phase 3","Industry","October 16, 2009",2011-07-12,2017-01-24,2017-01-23,2022,"Multicentric","Multicentric","1"
"163",163,"Has Results","Male","Phase 4","Industry","May 23, 2014",2016-05-08,2017-09-29,2017-06-08,396,"Multicentric","Multicentric","1"
"164",164,"Has Results","Male","Phase 2","Industry","April 2011",2013-04-01,2014-07-01,2015-12-14,987,"Multicentric","Multicentric","1"
"165",165,"No Results Available","Male","Phase 3","Industry","March 2011",2015-02-01,2015-08-01,NA,NA,"Multicentric","Multicentric","1"
"166",166,"Has Results","All","Phase 3","Industry","November 2011",2014-02-01,2015-10-01,2016-02-12,741,"Multicentric","Multicentric","1"
"167",167,"Has Results","Female","Phase 3","Industry","December 2010",2015-03-01,2015-03-01,2016-06-10,467,"Multicentric","Multicentric","1"
"168",168,"Has Results","All","Phase 3","Industry","September 25, 2014",2016-05-13,2016-08-25,2017-07-21,434,"Multicentric","Multicentric","1"
"169",169,"Has Results","Male","Phase 3","Industry","August 2009",2011-11-01,2011-12-01,2012-12-24,419,"Multicentric","Multicentric","1"
"170",170,"No Results Available","Female","Phase 2","Industry","October 2011",2016-04-01,2016-04-01,NA,NA,"Multicentric","Multicentric","1"
"171",171,"No Results Available","All","Phase 2","Industry","June 30, 2014",2016-07-29,2017-02-01,NA,NA,"Multicentric","Multicentric","1"
"172",172,"Has Results","Female","Phase 3","Industry","April 2013",2017-01-30,2017-01-30,2018-07-31,547,"Multicentric","Multicentric","1"
"173",173,"Has Results","Female","Phase 2","Industry","June 25, 2009",2012-07-31,2013-07-01,2015-02-24,938,"Multicentric","Multicentric","1"
"174",174,"Has Results","Male","Phase 3","Industry","April 2011",2015-08-01,2015-08-01,2016-10-11,437,"Multicentric","Multicentric","1"
"175",175,"Has Results","Male","Phase 3","Industry","May 5, 2011",2015-09-01,2018-05-01,2017-03-03,549,"Multicentric","Multicentric","1"
"176",176,"Has Results","Male","Phase 3","Industry","October 1, 2010",2014-01-01,2016-04-07,2017-05-17,1232,"Multicentric","Multicentric","1"
"177",177,"Has Results","Male","Phase 3","Industry","May 2009",2012-11-01,2015-08-01,2016-03-16,1231,"Multicentric","Multicentric","1"
"178",178,"No Results Available","All","Phase 3","Industry","November 2012",2015-12-01,2015-12-01,NA,NA,"Multicentric","Multicentric","1"
"179",179,"Has Results","Female","Phase 3","Industry","October 22, 2012",2015-01-30,2016-04-28,2016-11-23,663,"Multicentric","Multicentric","1"
"180",180,"Has Results","Female","Phase 2","Industry","April 2010",2014-06-01,2014-06-01,2015-08-13,438,"Multicentric","Multicentric","1"
"181",181,"Has Results","Female","Phase 2","Industry","June 2010",2014-06-01,2014-09-01,2016-05-12,711,"Multicentric","Multicentric","1"
"182",182,"No Results Available","All","Phase 2","Industry","June 2011",2015-02-01,2016-01-01,NA,NA,"Multicentric","Multicentric","1"
"183",183,"Has Results","Male","Phase 3","Industry","December 2008",2012-06-01,2013-07-01,2014-09-03,824,"Multicentric","Multicentric","1"
"184",184,"Has Results","Female","Phase 2","Industry","November 2009",2011-06-01,2016-01-01,2016-06-20,1846,"Multicentric","Multicentric","1"
"185",185,"Has Results","Female","Phase 3","Industry","November 17, 2009",2013-04-01,2016-09-15,2015-01-15,654,"Multicentric","Multicentric","1"
"186",186,"Has Results","Male","Phase 3","Industry","October 2008",2012-08-01,2015-07-01,2014-02-06,554,"Multicentric","Multicentric","1"
"187",187,"Has Results","Male","Phase 2","Industry","March 10, 2014",2017-03-01,2018-08-09,2018-07-12,498,"Multicentric","Multicentric","1"
"188",188,"Has Results","Male","Phase 3","Industry","July 2010",2015-04-01,2015-07-01,2016-08-18,505,"Multicentric","Multicentric","1"
"189",189,"No Results Available","Female","Phase 2","Industry","October 2008",2015-09-01,2015-12-01,NA,NA,"Multicentric","Multicentric","1"
"190",190,"Has Results","All","Phase 2","Industry","May 2009",2012-01-01,2012-01-01,2015-02-04,1130,"Multicentric","Multicentric","1"
"191",191,"No Results Available","All","Phase 2","Industry","April 2011",2013-12-01,2013-12-01,NA,NA,"Multicentric","Multicentric","1"
"192",192,"Has Results","All","Phase 1|Phase 2","Industry","February 2009",2013-02-01,2013-12-01,2018-04-17,1901,"Multicentric","Multicentric","1"
"193",193,"Has Results","Female","Phase 2","Industry","October 2011",2014-02-01,2014-08-01,2015-02-25,389,"Multicentric","Multicentric","1"
"194",194,"No Results Available","All","Phase 1","Industry","March 2009",2011-07-01,2011-08-01,NA,NA,"Multicentric","Multicentric","1"
"195",195,"No Results Available","All","Phase 2","Industry","October 2012",2014-11-01,2014-11-01,NA,NA,"Multicentric","Multicentric","1"
"196",196,"No Results Available","Female","Phase 2","Industry","February 2010",2011-03-01,2012-11-01,NA,NA,"Multicentric","Multicentric","1"
"197",197,"No Results Available","Male","Phase 3","Industry","December 2010",2014-12-01,2014-12-01,NA,NA,"Multicentric","Multicentric","1"
"198",198,"Has Results","All","Phase 2","Industry","October 2008",2013-10-01,2013-10-01,2015-08-07,675,"Multicentric","Multicentric","1"
"199",199,"Has Results","All","Phase 3","Industry","May 30, 2012",2017-01-31,2017-01-31,2018-02-27,392,"Multicentric","Multicentric","1"
"200",200,"No Results Available","All","Phase 3","Industry","December 2008",2010-11-01,2011-04-01,NA,NA,"Multicentric","Multicentric","1"
"201",201,"No Results Available","All","Phase 1","Industry","October 2009",2014-02-01,2015-03-01,NA,NA,"Multicentric","Multicentric","1"
"202",202,"No Results Available","All","Phase 3","Industry","November 2010",2013-08-01,2016-11-01,NA,NA,"Multicentric","Multicentric","1"
"203",203,"Has Results","All","Phase 2","Industry","November 2008",2011-07-01,2012-12-01,2012-11-30,518,"Multicentric","Multicentric","1"
"204",204,"Has Results","Male","Phase 3","Industry","April 2009",2011-09-01,2011-09-01,2012-09-27,392,"Multicentric","Multicentric","1"
"205",205,"Has Results","Female","Phase 3","Industry","October 2009",2014-07-01,2014-07-01,2015-02-25,239,"Multicentric","Multicentric","1"
"206",206,"No Results Available","All","Phase 1","Industry","November 2008",2011-09-01,2012-08-01,NA,NA,"Multicentric","Multicentric","1"
"207",207,"Has Results","Male","Phase 3","Industry","May 2008",2010-08-01,2012-10-01,2013-05-16,1019,"Multicentric","Multicentric","1"
"208",208,"Has Results","Female","Phase 2|Phase 3","Industry|Other","February 2009",2011-12-01,2013-12-01,2018-11-02,2528,"Multicentric","Multicentric","1"
"209",209,"No Results Available","All","Phase 1|Phase 2","Industry","August 2012",2015-11-01,2015-11-01,NA,NA,"Multicentric","Multicentric","1"
"210",210,"No Results Available","All","Phase 2","Industry","September 2010",2013-10-01,2013-10-01,NA,NA,"Multicentric","Multicentric","1"
"211",211,"No Results Available","All","Phase 1","Industry","October 2013",2016-08-01,2016-08-01,NA,NA,"Multicentric","Multicentric","1"
"212",212,"No Results Available","All","Phase 2","Industry","November 2011",2014-02-01,2014-02-01,NA,NA,"Multicentric","Multicentric","1"
"213",213,"Has Results","All","Phase 2","Industry","November 2008",2010-10-01,2014-08-01,2015-08-21,1785,"Multicentric","Multicentric","1"
"214",214,"No Results Available","All","Phase 2","Other","May 2015",2017-07-01,2018-01-01,NA,NA,"Multicentric","Multicentric","1"
"215",215,"Has Results","All","Phase 2","Industry","May 2008",2012-02-01,2012-02-01,2015-02-11,1106,"Multicentric","Multicentric","1"
"216",216,"Has Results","All","Phase 2","Industry","February 2015",2017-04-07,2017-04-07,2018-08-20,500,"Multicentric","Multicentric","1"
"217",217,"Has Results","All","Phase 1|Phase 2","Industry","May 2009",2011-08-01,2011-08-01,2013-07-18,717,"Multicentric","Multicentric","1"
"218",218,"Has Results","All","Phase 3","Industry","December 2010",2013-12-01,2016-08-01,2014-12-29,393,"Multicentric","Multicentric","1"
"219",219,"No Results Available","All","Phase 3","Industry","November 2008",2011-03-01,2012-08-01,NA,NA,"Multicentric","Multicentric","1"
"220",220,"Has Results","Male","Phase 3","Industry","July 2012",2014-09-01,2015-03-01,2018-03-14,1290,"Multicentric","Multicentric","1"
"221",221,"Has Results","Female","Phase 2","Industry","June 2008",2010-09-01,2011-05-01,2012-04-24,601,"Multicentric","Multicentric","1"
"222",222,"No Results Available","Female","Phase 3","Industry|Other","June 2013",2016-06-01,2016-06-01,NA,NA,"Multicentric","Multicentric","1"
"223",223,"No Results Available","All","Phase 4","Other","November 16, 2011",2014-12-08,2017-12-18,NA,NA,"Multicentric","Multicentric","1"
"224",224,"Has Results","All","Phase 2","Industry","January 2012",2014-07-01,2014-07-01,2015-08-10,405,"Multicentric","Multicentric","1"
"225",225,"Has Results","Female","Phase 2","Industry","August 2015",2016-08-16,2018-02-12,2018-01-30,532,"Multicentric","Multicentric","1"
"226",226,"Has Results","All","Phase 2","Industry","December 6, 2011",2015-03-01,2017-10-31,2016-06-27,484,"Multicentric","Multicentric","1"
"227",227,"Has Results","All","Phase 3","Industry","June 29, 2012",2015-07-10,2015-12-28,2018-04-23,1018,"Multicentric","Multicentric","1"
"228",228,"Has Results","Male","Phase 3","Industry","June 2008",2011-07-01,2014-02-01,2014-05-07,1041,"Multicentric","Multicentric","1"
"229",229,"No Results Available","All","Phase 1","Industry","May 25, 2011",2017-08-09,2017-08-09,NA,NA,"Multicentric","Multicentric","1"
"230",230,"No Results Available","Female","Phase 2","Industry","May 2011",2014-07-01,2014-07-01,NA,NA,"Multicentric","Multicentric","1"
"231",231,"No Results Available","All","Phase 2","Industry","December 2008",2014-07-01,2014-12-01,NA,NA,"Multicentric","Multicentric","1"
"232",232,"Has Results","All","Phase 2","Industry","September 2011",2012-09-01,2013-09-01,2014-05-26,632,"Multicentric","Multicentric","1"
"233",233,"No Results Available","All","Phase 2","Industry","July 2009",2013-01-01,2013-01-01,NA,NA,"Multicentric","Multicentric","1"
"234",234,"Has Results","All","Phase 2","Industry","November 2012",2015-07-01,2015-07-01,2016-05-02,306,"Multicentric","Multicentric","1"
"235",235,"Has Results","All","Phase 3","Industry","November 3, 2015",2017-01-26,2018-08-13,2018-02-26,396,"Multicentric","Multicentric","1"
"236",236,"Has Results","Female","Phase 2","Other","January 2009",2013-05-01,2013-05-01,2015-12-01,944,"Multicentric","Multicentric","1"
"237",237,"Has Results","All","Phase 3","Industry","January 16, 2011",2015-06-09,2017-08-22,2016-06-23,380,"Multicentric","Multicentric","1"
"238",238,"Has Results","Female","Phase 2","Industry","February 2008",2011-06-01,2011-11-01,2012-07-18,413,"Multicentric","Multicentric","1"
"239",239,"No Results Available","Female","Phase 2","Industry","March 2008",2010-07-01,2011-08-01,NA,NA,"Multicentric","Multicentric","1"
"240",240,"No Results Available","All","Phase 1","Industry","March 2012",2014-07-01,2014-07-01,NA,NA,"Multicentric","Multicentric","1"
"241",241,"Has Results","All","Phase 2","Industry","March 2012",2014-04-01,2014-04-01,2015-04-13,377,"Multicentric","Multicentric","1"
"242",242,"Has Results","Female","Phase 2|Phase 3","Industry","September 26, 2013",2016-10-28,2016-10-28,2018-03-08,496,"Multicentric","Multicentric","1"
"243",243,"No Results Available","All","Phase 1","Industry","July 2008",2011-08-01,2013-01-01,NA,NA,"Multicentric","Multicentric","1"
"244",244,"Has Results","All","Phase 2","Industry","March 2008",2011-03-01,2012-04-01,2012-04-20,416,"Multicentric","Multicentric","1"
"245",245,"Has Results","All","Phase 2","Industry","October 2009",2013-01-01,2013-07-01,2014-01-01,365,"Multicentric","Multicentric","1"
"246",246,"Has Results","All","Phase 3","Industry","September 2008",2014-10-01,2014-11-01,2015-11-26,421,"Multicentric","Multicentric","1"
"247",247,"Has Results","All","Phase 2","Industry","January 2008",2010-01-01,2010-01-01,2014-11-11,1775,"Multicentric","Multicentric","1"
"248",248,"No Results Available","All","Phase 2","Industry","January 20, 2012",2016-03-30,2016-03-30,NA,NA,"Multicentric","Multicentric","1"
"249",249,"Has Results","All","Phase 3","Industry","November 2008",2010-06-01,2017-11-01,2011-07-18,412,"Multicentric","Multicentric","1"
"250",250,"Has Results","All","Phase 3","Industry","June 25, 2011",2016-06-25,2016-06-25,2017-09-18,450,"Multicentric","Multicentric","1"
"251",251,"Has Results","All","Phase 2","Industry","December 15, 2014",2016-10-25,2018-07-26,2017-11-22,393,"Multicentric","Multicentric","1"
"252",252,"No Results Available","All","Phase 3","Industry","January 2012",2016-01-01,2016-01-01,NA,NA,"Multicentric","Multicentric","1"
"253",253,"No Results Available","All","Phase 2","Industry","November 2010",2012-09-01,2012-09-01,NA,NA,"Multicentric","Multicentric","1"
"254",254,"Has Results","All","Phase 2","Industry","May 2011",2014-10-01,2014-10-01,2016-02-02,489,"Multicentric","Multicentric","1"
"255",255,"No Results Available","Male","Phase 1","Industry","September 2012",2015-07-01,2015-07-01,NA,NA,"Multicentric","Multicentric","1"
"256",256,"Has Results","All","Phase 3","Industry","June 16, 2011",2013-09-30,2015-09-14,2017-05-24,1332,"Multicentric","Multicentric","1"
"257",257,"No Results Available","All","Phase 1","Industry","December 22, 2014",2017-05-16,2017-08-22,NA,NA,"Multicentric","Multicentric","1"
"258",258,"No Results Available","All","Phase 3","Industry","December 2013",2015-02-01,2015-02-01,NA,NA,"Multicentric","Multicentric","1"
"259",259,"Has Results","All","Phase 2","Industry","August 6, 2013",2015-11-19,2018-08-31,2017-05-23,551,"Multicentric","Multicentric","1"
"260",260,"No Results Available","Female","Phase 3","Industry","November 2010",2013-03-01,2016-12-01,NA,NA,"Multicentric","Multicentric","1"
"261",261,"No Results Available","All","Phase 2","Industry","April 2012",2014-01-01,2015-09-01,NA,NA,"Multicentric","Multicentric","1"
"262",262,"Has Results","All","Phase 3","Industry","August 2009",2011-05-01,2011-05-01,2016-02-22,1758,"Multicentric","Multicentric","1"
"263",263,"No Results Available","All","Phase 2","Industry","November 2008",2010-06-01,2010-06-01,NA,NA,"Multicentric","Multicentric","1"
"264",264,"Has Results","All","Phase 2","Industry","February 2008",2010-01-01,2012-08-01,2011-06-27,542,"Multicentric","Multicentric","1"
"265",265,"Has Results","All","Phase 2","Industry","April 2009",2011-05-01,2014-09-01,2012-05-16,381,"Multicentric","Multicentric","1"
"266",266,"No Results Available","All","Phase 1","Industry","December 20, 2016",2017-10-24,2017-10-24,NA,NA,"Multicentric","Multicentric","1"
"267",267,"Has Results","All","Phase 2","Industry","September 2008",2012-09-01,2012-09-01,2014-09-25,754,"Multicentric","Multicentric","1"
"268",268,"No Results Available","All","Phase 2","Other","December 2010",2013-04-01,2015-11-01,NA,NA,"Multicentric","Multicentric","1"
"269",269,"Has Results","All","Phase 3","Industry","May 2010",2011-09-01,2012-01-01,2014-11-11,1167,"Multicentric","Multicentric","1"
"270",270,"No Results Available","Female","Phase 2","Industry","March 13, 2015",2016-12-13,2017-11-21,NA,NA,"Multicentric","Multicentric","1"
"271",271,"Has Results","Female","Phase 2","Industry","February 2011",2014-03-01,2014-03-01,2015-04-10,405,"Multicentric","Multicentric","1"
"272",272,"Has Results","Female","Phase 2","Industry","November 2011",2014-03-01,2014-03-01,2015-03-31,395,"Multicentric","Multicentric","1"
"273",273,"Has Results","Female","Phase 2","Industry","March 11, 2014",2017-07-07,2017-07-08,2018-09-14,434,"Multicentric","Multicentric","1"
"274",274,"No Results Available","Female","Phase 2","Industry|Other","June 2010",2014-02-01,2014-12-01,NA,NA,"Multicentric","Multicentric","1"
"275",275,"Has Results","All","Phase 2","Industry","March 2013",2014-08-01,2015-12-01,2016-06-27,696,"Multicentric","Multicentric","1"
"276",276,"Has Results","Male","Phase 3","Industry","January 2008",2011-05-01,2011-07-01,2012-05-31,396,"Multicentric","Multicentric","1"
"277",277,"Has Results","All","Phase 2","Industry","July 2010",2014-06-01,2014-06-01,2015-10-01,487,"Multicentric","Multicentric","1"
"278",278,"No Results Available","All","Phase 1","Industry","February 2012",2014-09-01,2014-09-01,NA,NA,"Multicentric","Multicentric","1"
"279",279,"No Results Available","All","Phase 1","Industry","June 15, 2012",2017-07-05,2017-07-05,NA,NA,"Multicentric","Multicentric","1"
"280",280,"Has Results","All","Phase 2","Industry","April 24, 2009",2012-05-30,2016-07-07,2014-08-06,798,"Multicentric","Multicentric","1"
"281",281,"Has Results","Female","Phase 2","Industry","July 30, 2008",2009-09-15,2018-09-19,2016-06-03,2453,"Multicentric","Multicentric","1"
"282",282,"Has Results","All","Phase 1|Phase 2","Industry","December 2009",2011-03-01,2011-04-01,2015-02-10,1442,"Multicentric","Multicentric","1"
"283",283,"Has Results","All","Phase 3","Industry","December 2, 2010",2014-07-17,2016-06-20,2015-07-15,363,"Multicentric","Multicentric","1"
"284",284,"Has Results","All","Phase 2","Industry","February 2010",2012-02-01,2012-10-01,2013-03-19,412,"Multicentric","Multicentric","1"
"285",285,"Has Results","Female","Phase 2","Industry","August 13, 2009",2013-02-18,2013-02-18,2015-10-05,959,"Multicentric","Multicentric","1"
"286",286,"No Results Available","All","Phase 1","Industry","May 2013",2014-12-01,2014-12-01,NA,NA,"Multicentric","Multicentric","1"
"287",287,"Has Results","All","Phase 3","Industry","June 2008",2012-03-01,2013-02-01,2013-05-16,441,"Multicentric","Multicentric","1"
"288",288,"Has Results","All","Phase 1","Industry","October 2011",2015-07-01,2016-01-01,2017-03-09,617,"Multicentric","Multicentric","1"
"289",289,"No Results Available","All","Phase 1","Industry","November 2013",2014-12-01,2014-12-01,NA,NA,"Multicentric","Multicentric","1"
"290",290,"No Results Available","All","Phase 1","Industry","December 2013",2016-09-01,2016-09-01,NA,NA,"Multicentric","Multicentric","1"
"291",291,"Has Results","All","Phase 1|Phase 2","Industry","March 2008",2010-03-01,2012-10-01,2014-02-28,1460,"Multicentric","Multicentric","1"
"292",292,"No Results Available","All","Phase 1","Industry","June 14, 2011",2016-06-03,2016-06-03,NA,NA,"Multicentric","Multicentric","1"
"293",293,"Has Results","All","Phase 2","Industry","October 2010",2014-08-01,2014-08-01,2016-03-02,579,"Multicentric","Multicentric","1"
"294",294,"No Results Available","All","Phase 1","Industry","July 27, 2010",2012-06-30,2017-05-02,NA,NA,"Multicentric","Multicentric","1"
"295",295,"No Results Available","All","Phase 1","Industry","July 2010",2012-08-01,2012-09-01,NA,NA,"Multicentric","Multicentric","1"
"296",296,"Has Results","All","Phase 3","Industry","October 15, 2009",2012-08-31,2017-08-30,2013-12-10,466,"Multicentric","Multicentric","1"
"297",297,"No Results Available","All","Phase 1","Industry","October 9, 2013",2017-10-24,2017-10-24,NA,NA,"Multicentric","Multicentric","1"
"298",298,"Has Results","Female","Phase 2","NIH|Other","September 2009",2016-03-01,2016-07-01,2017-08-10,527,"Multicentric","Multicentric","1"
"299",299,"Has Results","All","Phase 1","Industry","March 10, 2015",2015-07-11,2018-05-22,2016-07-14,369,"Multicentric","Multicentric","1"
"300",300,"No Results Available","All","Phase 1","Industry","September 2011",2014-08-01,2014-08-01,NA,NA,"Multicentric","Multicentric","1"
"301",301,"Has Results","All","Phase 3","Industry","February 2009",2015-12-01,2015-12-01,2017-02-17,444,"Multicentric","Multicentric","1"
"302",302,"No Results Available","All","Phase 1","Industry","July 2011",2016-04-01,2016-04-01,NA,NA,"Multicentric","Multicentric","1"
"303",303,"Has Results","All","Phase 1|Phase 2","Industry","October 2008",2011-09-01,2013-06-01,2014-04-30,972,"Multicentric","Multicentric","1"
"304",304,"No Results Available","All","Phase 1","Industry","February 29, 2012",2017-07-04,2017-07-04,NA,NA,"Multicentric","Multicentric","1"
"305",305,"Has Results","All","Phase 2","Industry","April 12, 2012",2016-10-28,2016-10-28,2017-11-20,388,"Multicentric","Multicentric","1"
"306",306,"No Results Available","All","Phase 1","Industry","October 31, 2012",2016-12-02,2018-03-12,NA,NA,"Multicentric","Multicentric","1"
"307",307,"No Results Available","Female","Phase 1","Industry","November 2010",2012-10-01,2015-01-01,NA,NA,"Multicentric","Multicentric","1"
"308",308,"No Results Available","All","Phase 2","Industry","October 2008",2012-05-01,2012-05-01,NA,NA,"Multicentric","Multicentric","1"
"309",309,"No Results Available","All","Phase 1","Industry","September 2013",2014-04-01,2014-04-01,NA,NA,"Multicentric","Multicentric","1"
"310",310,"No Results Available","All","Phase 1","Industry","August 2013",2014-06-01,2014-06-01,NA,NA,"Multicentric","Multicentric","1"
"311",311,"Has Results","All","Phase 2","Industry","February 2011",2012-03-01,2014-06-01,2013-09-04,552,"Multicentric","Multicentric","1"
"312",312,"Has Results","All","Phase 2","Industry","February 2008",2009-10-01,2010-06-01,2010-11-15,410,"Multicentric","Multicentric","1"
"313",313,"No Results Available","All","Phase 1","Industry","December 2011",2016-02-01,2016-02-01,NA,NA,"Multicentric","Multicentric","1"
"314",314,"No Results Available","All","Phase 2","Industry","May 2010",2011-12-01,2011-12-01,NA,NA,"Multicentric","Multicentric","1"
"315",315,"No Results Available","All","Phase 1","Industry","March 2009",2013-07-01,2013-07-01,NA,NA,"Multicentric","Multicentric","1"
"316",316,"Has Results","All","Phase 4","Industry","June 2009",2012-03-01,2013-06-01,2017-02-24,1821,"Multicentric","Multicentric","1"
"317",317,"No Results Available","Female","Phase 3","Industry","September 2009",2013-01-01,2013-01-01,NA,NA,"Multicentric","Multicentric","1"
"318",318,"No Results Available","All","Phase 1","Industry","December 2010",2014-04-01,2014-04-01,NA,NA,"Multicentric","Multicentric","1"
"319",319,"Has Results","All","Phase 3","Industry","July 2011",2014-01-01,2015-02-01,2017-07-11,1287,"Multicentric","Multicentric","1"
"320",320,"Has Results","All","Phase 2","Industry","November 26, 2012",2016-03-29,2016-03-29,2017-05-08,405,"Multicentric","Multicentric","1"
"321",321,"No Results Available","Female","Phase 1","Industry","June 27, 2014",2016-10-26,2016-10-26,NA,NA,"Multicentric","Multicentric","1"
"322",322,"No Results Available","All","Phase 1","Industry","May 2012",2014-12-01,2014-12-01,NA,NA,"Multicentric","Multicentric","1"
"323",323,"No Results Available","All","Phase 2","Industry","April 2009",2012-04-01,2012-04-01,NA,NA,"Multicentric","Multicentric","1"
"324",324,"Has Results","All","Phase 3","Industry","October 2010",2013-10-01,2014-02-01,2015-02-23,510,"Multicentric","Multicentric","1"
"325",325,"No Results Available","All","Phase 1","Industry","July 2011",2013-03-01,2013-03-01,NA,NA,"Multicentric","Multicentric","1"
"326",326,"No Results Available","All","Phase 2","Industry","October 2011",2014-11-01,2014-11-01,NA,NA,"Multicentric","Multicentric","1"
"327",327,"Has Results","All","Phase 1","Other","March 2013",2016-07-01,2016-10-01,2016-12-05,157," Spain"," Madrid","0"
"328",328,"No Results Available","All","Phase 4","Industry","October 2008",2010-09-01,2010-11-01,NA,NA,"Multicentric","Multicentric","1"
"329",329,"No Results Available","All","Phase 1","Industry","November 2013",2016-01-01,2016-01-01,NA,NA,"Multicentric","Multicentric","1"
"330",330,"No Results Available","All","Phase 1","Industry","August 2010",2016-12-01,2016-12-01,NA,NA,"Multicentric","Multicentric","1"
"331",331,"Has Results","All","Phase 3","Industry","July 2011",2014-06-01,2015-02-01,2017-07-11,1136,"Multicentric","Multicentric","1"
"332",332,"Has Results","All","Phase 3","Industry","April 20, 2015",2017-05-08,2017-12-22,2018-06-27,415,"Multicentric","Multicentric","1"
"333",333,"No Results Available","All","Phase 1","Industry","January 2009",2014-12-01,2014-12-01,NA,NA,"Multicentric","Multicentric","1"
"334",334,"Has Results","All","Phase 3","Industry","September 2011",2015-07-01,2016-05-02,2017-03-01,609,"Multicentric","Multicentric","1"
"335",335,"Has Results","All","Phase 3","Industry","March 2009",2014-10-01,2014-10-01,2016-04-07,554,"Multicentric","Multicentric","1"
"336",336,"No Results Available","All","Phase 2","Industry","April 2012",2015-11-01,2015-11-01,NA,NA,"Multicentric","Multicentric","1"
"337",337,"No Results Available","All","Phase 3","Other","August 2011",2015-06-01,2015-06-01,NA,NA,"Multicentric","Multicentric","1"
"338",338,"No Results Available","Female","Phase 1|Phase 2","Industry","February 2010",2012-12-01,2012-12-01,NA,NA,"Multicentric","Multicentric","1"
"339",339,"Has Results","Female","Phase 2","Industry","November 25, 2009",2012-08-21,2016-03-01,2013-07-18,331,"Multicentric","Multicentric","1"
"340",340,"No Results Available","All","Phase 1","Industry","February 2012",2016-04-01,2016-04-01,NA,NA,"Multicentric","Multicentric","1"
"341",341,"No Results Available","All","Phase 1","Industry","April 2011",2015-01-01,2015-01-01,NA,NA,"Multicentric","Multicentric","1"
"342",342,"Has Results","Female","Phase 3","Industry","March 2012",2013-08-01,2013-12-01,2017-06-28,1427,"Multicentric","Multicentric","1"
"343",343,"No Results Available","All","Phase 2","Industry|Other","October 2011",2011-10-01,2014-12-01,NA,NA,"Multicentric","Multicentric","1"
"344",344,"Has Results","All","Phase 2","Industry","April 2009",2011-04-01,2011-08-01,2014-06-17,1173,"Multicentric","Multicentric","1"
"345",345,"Has Results","All","Phase 3","Industry","August 2009",2012-07-01,2015-12-01,2014-10-16,837,"Multicentric","Multicentric","1"
"346",346,"No Results Available","All","Phase 3","Industry","June 2008",2010-11-01,2010-11-01,NA,NA,"Multicentric","Multicentric","1"
"347",347,"No Results Available","All","Phase 1","Industry","December 10, 2015",2017-01-30,2017-09-12,NA,NA,"Multicentric","Multicentric","1"
"348",348,"Has Results","All","Phase 3","Industry","April 2009",2012-03-01,2013-04-01,2013-07-30,516,"Multicentric","Multicentric","1"
"349",349,"Has Results","Female","Phase 3","Industry","April 14, 2009",2012-06-11,2018-03-22,2013-03-15,277,"Multicentric","Multicentric","1"
"350",350,"No Results Available","All","Phase 1","Industry","July 16, 2013",2017-06-09,2017-06-09,NA,NA,"Multicentric","Multicentric","1"
"351",351,"No Results Available","All","Phase 1","Industry","December 31, 2013",2016-08-31,2016-08-31,NA,NA,"Multicentric","Multicentric","1"
"352",352,"Has Results","All","Phase 2","Industry","March 2009",2011-01-01,2012-02-01,2012-03-20,444,"Multicentric","Multicentric","1"
"353",353,"No Results Available","All","Phase 1|Phase 2","Industry","March 2009",2011-04-01,2011-04-01,NA,NA,"Multicentric","Multicentric","1"
"354",354,"No Results Available","All","Phase 1|Phase 2","Industry","November 2013",2015-10-01,NA,NA,NA,"Multicentric","Multicentric","1"
"355",355,"Has Results","All","Phase 1|Phase 2","Industry","February 2010",2014-11-01,2015-06-01,2016-08-22,660,"Multicentric","Multicentric","1"
"356",356,"Has Results","All","Phase 3","Industry","January 5, 2012",2014-03-15,2016-12-06,2015-04-14,395,"Multicentric","Multicentric","1"
"357",357,"Has Results","All","Phase 1|Phase 2","Industry","June 20, 2013",2014-10-24,2017-10-27,2016-05-26,580,"Multicentric","Multicentric","1"
"358",358,"No Results Available","All","Phase 1","Industry","April 2010",2014-11-01,2014-11-01,NA,NA,"Multicentric","Multicentric","1"
"359",359,"No Results Available","All","Phase 3","Industry","December 2013",2017-03-01,2017-03-01,NA,NA,"Multicentric","Multicentric","1"
"360",360,"No Results Available","All","Phase 2","Industry","March 2009",2011-01-01,2012-06-01,NA,NA,"Multicentric","Multicentric","1"
"361",361,"No Results Available","All","Phase 1","Industry","October 2008",2016-08-19,2016-08-19,NA,NA,"Multicentric","Multicentric","1"
"362",362,"No Results Available","All","Phase 1","Industry","September 21, 2012",2017-08-02,2017-08-02,NA,NA,"Multicentric","Multicentric","1"
"363",363,"No Results Available","All","Phase 2","Industry","December 2011",2014-10-01,2015-02-01,NA,NA,"Multicentric","Multicentric","1"
"364",364,"Has Results","All","Phase 2","Industry","May 2008",2009-05-01,2009-12-01,2011-01-12,621,"Multicentric","Multicentric","1"
"365",365,"No Results Available","Female","Phase 2","Industry","March 2008",2010-04-01,2011-03-01,NA,NA,"Multicentric","Multicentric","1"
"366",366,"No Results Available","All","Phase 2","Industry","October 2009",2015-01-01,2015-01-01,NA,NA,"Multicentric","Multicentric","1"
"367",367,"No Results Available","All","Phase 1","Industry","December 8, 2015",2017-02-28,2017-04-28,NA,NA,"Multicentric","Multicentric","1"
"368",368,"No Results Available","All","Phase 1|Phase 2","Industry","July 20, 2010",2016-11-15,2016-12-09,NA,NA,"Multicentric","Multicentric","1"
"369",369,"No Results Available","All","Phase 2","Other","March 2008",2008-08-01,2010-08-01,NA,NA,"Multicentric","Multicentric","1"
"370",370,"No Results Available","Male","Phase 1|Phase 2","Industry","September 2012",2014-07-01,2014-12-01,NA,NA,"Multicentric","Multicentric","1"
"371",371,"No Results Available","All","Phase 1","Industry","November 2011",2015-11-01,2015-11-01,NA,NA,"Multicentric","Multicentric","1"
"372",372,"No Results Available","All","Phase 1|Phase 2","Other","November 2011",2017-06-01,2017-06-29,NA,NA,"Multicentric","Multicentric","1"
"373",373,"No Results Available","All","Phase 2","Industry","June 24, 2009",2016-11-07,2016-11-07,NA,NA,"Multicentric","Multicentric","1"
"374",374,"Has Results","All","Phase 3","Industry","July 2009",2014-01-01,2014-01-01,2015-04-06,460,"Multicentric","Multicentric","1"
"375",375,"No Results Available","All","Phase 1","Industry","August 2011",2014-03-01,2017-12-18,NA,NA,"Multicentric","Multicentric","1"
"376",376,"Has Results","All","Phase 3","Industry","January 13, 2011",2013-11-30,2016-11-30,2015-01-05,401,"Multicentric","Multicentric","1"
"377",377,"No Results Available","Male","Phase 3","Industry","November 2010",2014-09-01,2016-02-01,NA,NA,"Multicentric","Multicentric","1"
"378",378,"No Results Available","All","Phase 1|Phase 2","Industry","March 3, 2014",2017-05-09,2017-05-09,NA,NA,"Multicentric","Multicentric","1"
"379",379,"No Results Available","All","Phase 2","Industry","March 2010",2012-04-01,2012-04-01,NA,NA,"Multicentric","Multicentric","1"
"380",380,"Has Results","All","Phase 3","Industry","December 13, 2011",2015-03-19,2017-05-17,2016-07-18,487,"Multicentric","Multicentric","1"
"381",381,"No Results Available","All","Phase 2","Industry","December 31, 2014",2017-05-31,2017-05-31,NA,NA,"Multicentric","Multicentric","1"
"382",382,"Has Results","All","Phase 2","Industry","February 13, 2015",2017-04-20,2017-04-20,2018-06-01,407,"Multicentric","Multicentric","1"
"383",383,"Has Results","All","Phase 3","Industry","December 2010",2013-07-01,2017-02-01,2014-07-31,395,"Multicentric","Multicentric","1"
"384",384,"Has Results","All","Phase 2","Industry","April 20, 2015",2017-05-01,2017-09-01,2018-08-08,464,"Multicentric","Multicentric","1"
"385",385,"No Results Available","All","Phase 1","Industry","April 2012",2013-11-01,2013-11-01,NA,NA,"Multicentric","Multicentric","1"
"386",386,"No Results Available","All","Phase 1","Industry","June 2013",2016-01-01,2016-01-01,NA,NA,"Multicentric","Multicentric","1"
"387",387,"No Results Available","All","Phase 1","Industry","July 2012",2015-04-01,2015-04-01,NA,NA,"Multicentric","Multicentric","1"
"388",388,"No Results Available","All","Phase 1","Industry","September 2010",2016-09-01,2016-09-01,NA,NA,"Multicentric","Multicentric","1"
"389",389,"Has Results","All","Phase 4","Industry","June 6, 2012",2016-03-19,2018-07-26,2017-05-19,426,"Multicentric","Multicentric","1"
"390",390,"Has Results","All","Phase 3","Industry","March 2009",2012-09-01,2013-04-01,2013-12-11,466,"Multicentric","Multicentric","1"
"391",391,"Has Results","All","Phase 2","Industry","October 2009",2012-11-01,2013-12-01,2013-12-25,419,"Multicentric","Multicentric","1"
"392",392,"No Results Available","All","Phase 4","Other","January 2010",2014-09-01,2014-09-01,NA,NA,"Multicentric","Multicentric","1"
"393",393,"No Results Available","All","Phase 2","Industry","April 2012",2014-04-01,2014-04-01,NA,NA,"Multicentric","Multicentric","1"
"394",394,"Has Results","All","Phase 3","Industry","January 19, 2011",2016-01-27,2016-01-27,2018-04-23,817,"Multicentric","Multicentric","1"
"395",395,"Has Results","All","Phase 2","Industry","December 2012",2014-12-01,2016-04-01,2018-05-07,1253,"Multicentric","Multicentric","1"
"396",396,"No Results Available","All","Phase 2","Industry","July 2012",2015-06-01,2015-06-01,NA,NA,"Multicentric","Multicentric","1"
"397",397,"Has Results","All","Phase 2","Industry","January 2010",2015-03-01,2015-12-01,2016-06-09,466,"Multicentric","Multicentric","1"
"398",398,"Has Results","All","Phase 3","Industry","September 2009",2012-03-01,2016-01-01,2013-06-06,462,"Multicentric","Multicentric","1"
"399",399,"No Results Available","Female","Phase 2","Industry","July 2012",2015-04-01,2015-08-01,NA,NA,"Multicentric","Multicentric","1"
"400",400,"No Results Available","All","Phase 1","Industry","January 2012",2015-02-01,2015-02-01,NA,NA,"Multicentric","Multicentric","1"
"401",401,"Has Results","All","Phase 2","Industry","December 2008",2010-05-01,2011-08-01,2011-10-17,534,"Multicentric","Multicentric","1"
"402",402,"No Results Available","All","Phase 2","Other","February 2012",2013-02-01,2014-12-01,NA,NA,"Multicentric","Multicentric","1"
"403",403,"Has Results","All","Phase 2","Industry","April 2008",2011-04-01,2012-10-01,2012-05-22,417,"Multicentric","Multicentric","1"
"404",404,"Has Results","All","Phase 2|Phase 3","Industry","May 28, 2014",2016-11-28,2016-11-28,2018-02-01,430,"Multicentric","Multicentric","1"
"405",405,"No Results Available","All","Phase 1|Phase 2","Other","June 2015",2015-09-01,2016-03-01,NA,NA," Spain"," Barcelona","0"
"406",406,"No Results Available","All","Phase 3","Other","April 2008",2011-12-01,2012-03-01,NA,NA,"Multicentric","Multicentric","1"
"407",407,"No Results Available","All","Phase 1","Industry","July 2008",2012-07-01,2012-07-01,NA,NA,"Multicentric","Multicentric","1"
"408",408,"No Results Available","All","Phase 1","Industry","March 2012",2016-08-31,2017-08-15,NA,NA,"Multicentric","Multicentric","1"
"409",409,"No Results Available","All","Phase 1","Industry","September 2011",2014-03-01,2014-03-01,NA,NA,"Multicentric","Multicentric","1"
"410",410,"No Results Available","All","Phase 2","Industry|Other","February 2012",2015-04-01,2017-03-09,NA,NA,"Multicentric","Multicentric","1"
"411",411,"Has Results","All","Phase 1","Industry","January 2010",2011-08-01,2012-10-01,2018-11-02,2650,"Multicentric","Multicentric","1"
"412",412,"No Results Available","All","Phase 3","Industry","December 2011",2014-06-01,2014-06-01,NA,NA,"Multicentric","Multicentric","1"
"413",413,"No Results Available","All","Phase 1|Phase 2","Industry","May 2008",2012-12-01,2012-12-01,NA,NA,"Multicentric","Multicentric","1"
"414",414,"No Results Available","All","Phase 1","Industry","June 2011",2013-09-01,2013-09-01,NA,NA,"Multicentric","Multicentric","1"
"415",415,"Has Results","All","Phase 2","Industry","July 2009",2014-10-01,2014-10-01,2015-11-26,421,"Multicentric","Multicentric","1"
"416",416,"No Results Available","Female","Phase 2","Industry|Other","April 2015",2017-02-10,2017-02-10,NA,NA,"Multicentric","Multicentric","1"
"417",417,"Has Results","All","Phase 2","Industry","April 20, 2009",2011-05-11,2016-11-02,2018-06-20,2597,"Multicentric","Multicentric","1"
"418",418,"No Results Available","All","Phase 1","Industry","January 2011",2014-10-01,2014-10-01,NA,NA,"Multicentric","Multicentric","1"
"419",419,"Has Results","All","Phase 1","Industry","May 2011",2015-04-01,2015-04-01,2017-03-07,706,"Multicentric","Multicentric","1"
"420",420,"No Results Available","All","Phase 1","Industry","November 2009",2012-06-01,2012-06-01,NA,NA,"Multicentric","Multicentric","1"
"421",421,"No Results Available","All","Phase 2","Industry","October 2011",2012-11-01,2014-05-01,NA,NA,"Multicentric","Multicentric","1"
"422",422,"Has Results","All","Phase 1|Phase 2","Industry","January 2009",2011-03-01,2012-03-01,2012-03-30,395,"Multicentric","Multicentric","1"
"423",423,"Has Results","All","Phase 3","Industry","October 2014",2015-08-01,2015-08-01,2017-04-18,626,"Multicentric","Multicentric","1"
"424",424,"Has Results","All","Phase 2","Industry","July 2008",2011-04-01,2011-09-01,2012-07-17,473,"Multicentric","Multicentric","1"
"425",425,"No Results Available","All","Phase 1","Industry","May 19, 2015",2016-06-24,2016-06-24,NA,NA,"Multicentric","Multicentric","1"
"426",426,"Has Results","All","Phase 2","Industry","April 2011",2013-01-01,2016-06-01,2018-06-12,1988,"Multicentric","Multicentric","1"
"427",427,"Has Results","All","Phase 3","Industry","December 23, 2010",2011-12-19,2016-09-16,2014-05-16,879,"Multicentric","Multicentric","1"
"428",428,"No Results Available","All","Phase 2","Other","May 2012",2014-03-01,2014-03-01,NA,NA,"Multicentric","Multicentric","1"
"429",429,"No Results Available","Female","Phase 4","Industry","June 2008",2010-11-01,2010-11-01,NA,NA,"Multicentric","Multicentric","1"
"430",430,"Has Results","All","Phase 2","Industry","July 2012",2014-07-01,2015-04-01,2015-11-18,505,"Multicentric","Multicentric","1"
"431",431,"Has Results","All","Phase 3","Industry","November 2014",2015-08-01,2015-08-01,2017-04-18,626,"Multicentric","Multicentric","1"
"432",432,"Has Results","All","Phase 1","Industry","October 2009",2014-09-01,2014-09-01,2015-10-07,401,"Multicentric","Multicentric","1"
"433",433,"Has Results","All","Phase 1","Industry","January 2011",2013-10-01,2016-05-01,2014-08-11,314,"Multicentric","Multicentric","1"
"434",434,"No Results Available","All","Phase 2","Industry|Other","October 2010",2017-03-24,2017-03-24,NA,NA,"Multicentric","Multicentric","1"
"435",435,"No Results Available","All","Phase 3","Industry","July 8, 2015",2017-06-30,2018-11-16,NA,NA,"Multicentric","Multicentric","1"
"436",436,"Has Results","All","Phase 3","Industry","March 1, 2013",2016-01-07,2017-01-06,2017-05-25,504,"Multicentric","Multicentric","1"
"437",437,"No Results Available","All","Phase 3","Industry|Other","August 2012",2015-12-01,2015-12-01,NA,NA,"Multicentric","Multicentric","1"
"438",438,"No Results Available","All","Phase 1","Industry","July 2012",2014-03-01,2014-03-01,NA,NA,"Multicentric","Multicentric","1"
"439",439,"Has Results","All","Phase 3","Industry","September 30, 2014",2017-10-23,2018-04-19,2018-10-30,372,"Multicentric","Multicentric","1"
"440",440,"No Results Available","All","Phase 2","Other","October 2008",2011-10-01,2011-12-01,NA,NA,"Multicentric","Multicentric","1"
"441",441,"Has Results","All","Phase 3","Industry","April 2008",2013-10-01,2013-10-01,2013-11-27,57,"Multicentric","Multicentric","1"
"442",442,"Has Results","All","Phase 3","Industry","December 3, 2008",2010-11-02,2017-11-13,2014-12-01,1490,"Multicentric","Multicentric","1"
"443",443,"Has Results","All","Phase 3","Industry","February 2010",2013-10-01,2016-01-01,2014-10-03,367,"Multicentric","Multicentric","1"
"444",444,"Has Results","All","Phase 3","Industry","March 6, 2013",2015-06-18,2016-05-20,2018-08-17,1156,"Multicentric","Multicentric","1"
"445",445,"Has Results","All","Phase 1","Industry","September 27, 2013",2015-12-22,2015-12-22,2018-09-05,988,"Multicentric","Multicentric","1"
"446",446,"No Results Available","All","Phase 2","Other","March 2008",2011-10-01,2011-12-01,NA,NA," Spain"," EspaÃ±a","0"
"447",447,"No Results Available","All","Phase 1","Industry","October 29, 2014",2015-10-01,2017-06-01,NA,NA,"Multicentric","Multicentric","1"
"448",448,"Has Results","All","Phase 2","Industry","August 14, 2009",2012-06-27,2015-04-01,2018-09-07,2263,"Multicentric","Multicentric","1"
"449",449,"Has Results","Female","Phase 3","NIH","April 2009",2013-02-01,2013-02-01,2016-05-24,1208,"Multicentric","Multicentric","1"
"450",450,"Has Results","All","Phase 2","Industry","March 2013",2014-11-01,2015-02-01,2016-10-31,730,"Multicentric","Multicentric","1"
"451",451,"No Results Available","All","Phase 2","Industry","March 2009",2010-08-01,2012-06-01,NA,NA,"Multicentric","Multicentric","1"
"452",452,"Has Results","All","Phase 3","Industry","April 2008",2012-04-01,2012-04-01,2013-07-30,485,"Multicentric","Multicentric","1"
"453",453,"No Results Available","All","Phase 3","Industry","August 2008",2009-06-01,2009-09-01,NA,NA,"Multicentric","Multicentric","1"
"454",454,"No Results Available","All","Phase 3","Industry","May 2012",2016-09-01,2016-09-01,NA,NA,"Multicentric","Multicentric","1"
"455",455,"Has Results","All","Phase 2","Industry","August 2009",2012-10-01,2016-02-01,2014-05-26,602,"Multicentric","Multicentric","1"
"456",456,"No Results Available","All","Phase 2","Industry|Other","October 2009",2013-12-01,2014-03-01,NA,NA,"Multicentric","Multicentric","1"
"457",457,"No Results Available","All","Phase 2","Other","May 2011",2016-11-01,2017-01-22,NA,NA,"Multicentric","Multicentric","1"
"458",458,"No Results Available","All","Phase 3","Industry","June 2010",2012-04-01,2014-05-01,NA,NA,"Multicentric","Multicentric","1"
"459",459,"No Results Available","All","Phase 3","Other","August 2010",2010-10-01,2012-02-01,NA,NA," Spain"," Barcelona","0"
"460",460,"No Results Available","All","Phase 2","Other","November 2009",2014-06-01,2015-03-01,NA,NA," Spain"," Barcelona","0"
"461",461,"No Results Available","All","Phase 1","Industry|Other","March 2014",2014-05-01,2014-05-01,NA,NA,"Multicentric","Multicentric","1"
"462",462,"No Results Available","Male","Phase 1","Industry|Other","October 2012",2013-10-01,2013-10-01,NA,NA,"Multicentric","Multicentric","1"
"463",463,"No Results Available","All","Phase 2","Industry","June 2012",2013-06-01,2013-06-01,NA,NA,"Multicentric","Multicentric","1"
"464",464,"Has Results","All","Phase 2","Industry","October 2008",2009-12-01,2009-12-01,2014-01-23,1514,"Multicentric","Multicentric","1"
"465",465,"No Results Available","All","Phase 1","Industry","April 20, 2012",2016-07-29,2016-07-29,NA,NA,"Multicentric","Multicentric","1"
"466",466,"No Results Available","All","Phase 2","Other","April 2014",2016-09-01,2016-09-01,NA,NA,"Multicentric","Multicentric","1"
"467",467,"Has Results","All","Phase 3","Industry","March 5, 2012",2013-10-21,2017-12-27,2014-11-21,396,"Multicentric","Multicentric","1"
"468",468,"No Results Available","All","Phase 1|Phase 2","Other","July 2014",2017-03-22,2017-03-22,NA,NA,"Multicentric","Multicentric","1"
"469",469,"Has Results","All","Phase 2","Industry","November 12, 2008",2011-12-31,2013-04-15,2014-05-07,858,"Multicentric","Multicentric","1"
"470",470,"Has Results","All","Phase 2","Industry","August 2013",2015-02-01,2016-03-01,2018-06-25,1240,"Multicentric","Multicentric","1"
"471",471,"No Results Available","All","Phase 2","Other","October 2012",2013-10-01,2015-04-01,NA,NA,"Multicentric","Multicentric","1"
"472",472,"Has Results","All","Phase 2","Industry","January 2008",2011-09-01,2013-03-01,2014-03-31,942,"Multicentric","Multicentric","1"
"473",473,"No Results Available","All","Phase 4","Other","January 2011",2015-08-01,2015-08-01,NA,NA," Spain"," Toledo","0"
"474",474,"Has Results","All","Phase 2","Industry","July 2008",2010-10-01,2012-02-01,2018-07-17,2846,"Multicentric","Multicentric","1"
"475",475,"Has Results","All","Phase 2","Industry","February 2009",2013-07-01,2013-07-01,2014-09-30,456,"Multicentric","Multicentric","1"
"476",476,"Has Results","All","Phase 2","Industry","May 2008",2011-08-01,2011-08-01,2012-06-08,312,"Multicentric","Multicentric","1"
"477",477,"Has Results","All","Phase 1|Phase 2","Industry","June 27, 2011",2016-12-29,2016-12-29,2018-01-23,390,"Multicentric","Multicentric","1"
"478",478,"Has Results","All","Phase 3","Industry","October 2009",2011-03-01,2011-03-01,2013-01-10,681,"Multicentric","Multicentric","1"
"479",479,"No Results Available","All","Phase 2","Industry","February 21, 2014",2017-05-12,2018-02-14,NA,NA,"Multicentric","Multicentric","1"
"480",480,"Has Results","All","Phase 3","Industry","March 2009",2012-04-01,2012-04-01,2014-08-06,857,"Multicentric","Multicentric","1"
"481",481,"Has Results","All","Phase 3","Industry","September 2011",2015-02-01,2015-02-01,2016-05-23,477,"Multicentric","Multicentric","1"
"482",482,"No Results Available","All","Phase 3","Industry|Other","November 2014",2017-09-01,2017-11-01,NA,NA,"Multicentric","Multicentric","1"
"483",483,"No Results Available","All","Phase 3","Industry|Other","September 2013",2016-11-16,2016-11-16,NA,NA,"Multicentric","Multicentric","1"
"484",484,"No Results Available","All","Phase 2","Industry","April 2011",2012-12-01,2013-11-01,NA,NA,"Multicentric","Multicentric","1"
"485",485,"Has Results","All","Phase 2","Industry","May 2012",2013-10-01,2016-03-01,2016-02-26,878,"Multicentric","Multicentric","1"
"486",486,"Has Results","All","Phase 3","Industry","April 2014",2015-05-01,2016-10-01,2016-09-28,516,"Multicentric","Multicentric","1"
"487",487,"No Results Available","All","Phase 2","Industry|Other","July 2011",2014-06-01,2015-12-01,NA,NA,"Multicentric","Multicentric","1"
"488",488,"No Results Available","All","Phase 2","Industry|Other","February 2011",2014-08-01,2016-05-01,NA,NA,"Multicentric","Multicentric","1"
"489",489,"Has Results","All","Phase 3","Industry","July 2011",2013-06-01,2013-07-01,2016-12-07,1285,"Multicentric","Multicentric","1"
"490",490,"Has Results","All","Phase 3","Industry","July 8, 2013",2016-07-15,2016-11-04,2017-08-01,382,"Multicentric","Multicentric","1"
"491",491,"Has Results","All","Phase 3","Industry","June 20, 2012",2014-11-10,2018-02-05,2015-12-11,396,"Multicentric","Multicentric","1"
"492",492,"Has Results","All","Phase 2","Industry","November 30, 2011",2014-05-30,2017-04-21,2016-01-26,606,"Multicentric","Multicentric","1"
"493",493,"No Results Available","All","Phase 2","Industry","May 2014",2016-07-01,2017-09-05,NA,NA,"Multicentric","Multicentric","1"
"494",494,"Has Results","All","Phase 3","Industry","March 2011",2014-07-01,2014-07-01,2015-07-30,394,"Multicentric","Multicentric","1"
"495",495,"Has Results","All","Phase 3","Industry","March 11, 2011",2013-03-01,2017-08-29,2014-04-30,425,"Multicentric","Multicentric","1"
"496",496,"Has Results","All","Phase 3","Industry","September 2010",2014-07-01,2015-09-01,2015-08-04,399,"Multicentric","Multicentric","1"
"497",497,"Has Results","All","Phase 3","Industry","December 2009",2013-03-01,2015-07-01,2015-10-23,966,"Multicentric","Multicentric","1"
"498",498,"Has Results","All","Phase 2","Industry","March 14, 2017",2017-09-18,2017-12-04,2018-10-16,393,"Multicentric","Multicentric","1"
"499",499,"Has Results","All","Phase 3","Industry","July 14, 2010",2014-06-16,2017-12-05,2015-07-08,387,"Multicentric","Multicentric","1"
"500",500,"Has Results","All","Phase 3","Industry","August 21, 2008",2016-07-14,2016-07-14,2017-08-11,393,"Multicentric","Multicentric","1"
"501",501,"No Results Available","All","Phase 1","Industry","July 26, 2013",2016-06-03,2016-06-03,NA,NA,"Multicentric","Multicentric","1"
"502",502,"Has Results","All","Phase 2","Industry","June 2009",2013-04-01,2013-04-01,2014-11-18,596,"Multicentric","Multicentric","1"
"503",503,"No Results Available","All","Phase 2","Industry","February 1, 2013",2014-05-20,2016-12-14,NA,NA,"Multicentric","Multicentric","1"
"504",504,"No Results Available","All","Phase 2","Industry|Other","April 4, 2014",2016-12-31,2018-07-31,NA,NA,"Multicentric","Multicentric","1"
"505",505,"Has Results","All","Phase 2","Industry","September 27, 2013",2015-01-09,2017-05-30,2017-02-02,755,"Multicentric","Multicentric","1"
"506",506,"Has Results","All","Phase 2","Industry","April 2010",2014-10-01,2014-12-01,2017-08-09,1043,"Multicentric","Multicentric","1"
"507",507,"Has Results","All","Phase 2","Industry","July 2012",2014-07-01,2014-07-01,2018-08-15,1506,"Multicentric","Multicentric","1"
"508",508,"Has Results","All","Phase 4","Industry","September 2010",2012-08-01,2016-06-01,2013-10-14,439,"Multicentric","Multicentric","1"
"509",509,"Has Results","All","Phase 3","Industry","January 2013",2014-06-01,2014-09-01,2018-01-18,1327,"Multicentric","Multicentric","1"
"510",510,"No Results Available","All","Phase 1|Phase 2","Industry","July 2008",2011-01-01,2011-01-01,NA,NA,"Multicentric","Multicentric","1"
"511",511,"Has Results","All","Phase 3","Industry","December 17, 2010",2014-09-26,2017-03-01,2017-05-09,956,"Multicentric","Multicentric","1"
"512",512,"Has Results","All","Phase 4","Industry|Other","January 2014",2015-09-01,2015-12-01,2018-11-19,1175,"Multicentric","Multicentric","1"
"513",513,"No Results Available","Female","Phase 3","Other","May 2015",2016-05-01,2016-05-01,NA,NA," Spain"," Valencia","0"
"514",514,"No Results Available","All","Phase 1|Phase 2","Other","July 2012",2016-05-01,2016-12-01,NA,NA,"Multicentric","Multicentric","1"
"515",515,"No Results Available","All","Phase 2","Other","March 2010",2012-09-01,2013-12-01,NA,NA,"Multicentric","Multicentric","1"
"516",516,"No Results Available","All","Phase 1|Phase 2","Other","September 2009",2016-05-01,2016-05-01,NA,NA,"Multicentric","Multicentric","1"
"517",517,"No Results Available","All","Phase 1|Phase 2","Other","April 2008",2013-01-01,2013-02-01,NA,NA,"Multicentric","Multicentric","1"
"518",518,"Has Results","All","Phase 2","Industry","February 27, 2012",2016-07-11,2016-07-11,2018-03-12,609,"Multicentric","Multicentric","1"
"519",519,"Has Results","All","Phase 2|Phase 3","Industry","July 2009",2011-06-01,2011-06-01,2014-03-31,1034,"Multicentric","Multicentric","1"
"520",520,"No Results Available","All","Phase 2","Other","March 2014",2017-01-01,2017-03-01,NA,NA,"Multicentric","Multicentric","1"
"521",521,"No Results Available","All","Phase 3","Other","January 2008",2012-04-01,2012-08-01,NA,NA,"Multicentric","Multicentric","1"
"522",522,"No Results Available","All","Phase 1","Other","January 11, 2013",2016-12-20,2017-04-26,NA,NA," Spain"," Barcelona","0"
"523",523,"No Results Available","All","Phase 4","Other","July 2012",2016-07-01,2016-07-01,NA,NA," Spain"," Barcelona","0"
"524",524,"Has Results","All","Phase 2","Industry","August 2009",2012-02-01,2012-02-01,2016-09-09,1682,"Multicentric","Multicentric","1"
"525",525,"No Results Available","All","Phase 2","Other","June 2015",2017-03-01,2017-03-01,NA,NA," Spain"," Navarra","0"
"526",526,"No Results Available","All","Phase 3","Industry","October 1, 2011",2016-12-15,2017-07-31,NA,NA,"Multicentric","Multicentric","1"
"527",527,"No Results Available","All","Phase 2","Other","September 2011",2015-12-01,2017-06-01,NA,NA," Spain"," Gipuzkoa","0"
"528",528,"Has Results","All","Phase 3","Industry","June 1, 2010",2014-01-22,2016-07-25,2015-02-26,400,"Multicentric","Multicentric","1"
"529",529,"No Results Available","All","Phase 2","Industry","November 2009",2012-09-01,2012-09-01,NA,NA,"Multicentric","Multicentric","1"
"530",530,"No Results Available","All","Phase 3","Industry","June 2010",2013-02-01,2013-06-01,NA,NA,"Multicentric","Multicentric","1"
"531",531,"No Results Available","All","Phase 2","Other","December 2009",2013-10-01,2014-12-01,NA,NA," Spain"," Madrid","0"
"532",532,"No Results Available","All","Phase 2","Other","June 2009",2011-12-01,2012-01-01,NA,NA," Spain"," Madrid","0"
"533",533,"No Results Available","All","Phase 2","Other","October 2009",2014-08-01,2014-08-01,NA,NA," Spain"," Pamplona","0"
"534",534,"No Results Available","All","Phase 2","Industry","January 2012",2013-05-01,2013-05-01,NA,NA,"Multicentric","Multicentric","1"
"535",535,"No Results Available","All","Phase 2","Industry","October 22, 2013",2017-08-28,2017-08-28,NA,NA,"Multicentric","Multicentric","1"
"536",536,"No Results Available","All","Phase 2","Other","November 2010",2015-12-01,2015-12-01,NA,NA,"Multicentric","Multicentric","1"
"537",537,"No Results Available","All","Phase 2","Other","January 2011",2012-09-01,2012-12-01,NA,NA," Spain"," Navarra","0"
"538",538,"No Results Available","All","Phase 1|Phase 2","Other","January 2010",2013-05-01,2013-12-01,NA,NA,"Multicentric","Multicentric","1"
"539",539,"Has Results","All","Phase 3","Industry","March 11, 2014",2016-03-29,2016-03-29,2017-09-25,545,"Multicentric","Multicentric","1"
"540",540,"Has Results","All","Phase 3","Industry","January 8, 2013",2016-03-21,2016-03-21,2017-09-18,546,"Multicentric","Multicentric","1"
"541",541,"No Results Available","All","Phase 1","Industry","December 9, 2014",2017-10-10,2017-10-10,NA,NA,"Multicentric","Multicentric","1"
"542",542,"Has Results","All","Phase 2","Other","October 2011",2013-07-01,2013-07-01,2015-10-23,844," Spain"," Barcelona","0"
"543",543,"No Results Available","All","Phase 1","Industry","October 2010",2014-05-01,2014-05-01,NA,NA,"Multicentric","Multicentric","1"
"544",544,"Has Results","All","Phase 3","Industry","April 2008",2012-04-01,2015-04-01,2013-06-04,429,"Multicentric","Multicentric","1"
"545",545,"No Results Available","All","Phase 2","Other","February 2008",2009-08-01,2010-02-01,NA,NA,"Multicentric","Multicentric","1"
"546",546,"No Results Available","All","Phase 3","Industry","January 2014",2017-05-01,2017-05-01,NA,NA,"Multicentric","Multicentric","1"
"547",547,"No Results Available","All","Phase 3","Industry|Other","September 2011",2015-12-01,2016-05-01,NA,NA,"Multicentric","Multicentric","1"
"548",548,"Has Results","All","Phase 3","Industry","March 2011",2015-01-01,2016-08-01,2017-02-28,789,"Multicentric","Multicentric","1"
"549",549,"No Results Available","All","Phase 2","Industry","April 2012",2015-05-01,2015-05-01,NA,NA,"Multicentric","Multicentric","1"
"550",550,"No Results Available","All","Phase 3","Industry","July 2010",2013-03-01,2013-03-01,NA,NA,"Multicentric","Multicentric","1"
"551",551,"Has Results","All","Phase 3","Industry","October 2008",2010-11-01,2012-12-01,2011-12-21,415,"Multicentric","Multicentric","1"
"552",552,"Has Results","All","Phase 3","Industry","November 2008",2012-08-01,2014-08-01,2014-09-16,776,"Multicentric","Multicentric","1"
"553",553,"No Results Available","All","Phase 3","Industry","June 2008",2013-04-01,2013-04-01,NA,NA,"Multicentric","Multicentric","1"
"554",554,"No Results Available","All","Phase 2","Industry|Other","December 2008",2012-05-01,2012-05-01,NA,NA,"Multicentric","Multicentric","1"
"555",555,"No Results Available","All","Phase 2","Industry","September 16, 2013",2014-10-08,2014-10-08,NA,NA,"Multicentric","Multicentric","1"
"556",556,"No Results Available","All","Phase 3","Industry","September 2008",2010-11-01,2010-11-01,NA,NA,"Multicentric","Multicentric","1"
"557",557,"No Results Available","All","Phase 1|Phase 2","Industry","April 2011",2015-06-23,2015-06-23,NA,NA,"Multicentric","Multicentric","1"
"558",558,"Has Results","All","Phase 3","Industry","March 2010",2014-02-01,2014-11-01,2014-10-16,257,"Multicentric","Multicentric","1"
"559",559,"Has Results","All","Phase 3","Industry","March 25, 2014",2016-11-04,2017-06-26,2017-11-17,378,"Multicentric","Multicentric","1"
"560",560,"Has Results","All","Phase 3","Industry","August 13, 2013",2014-11-12,2015-01-08,2017-03-27,866,"Multicentric","Multicentric","1"
"561",561,"Has Results","All","Phase 3","Industry","July 2013",2015-07-01,2015-07-01,2017-03-27,635,"Multicentric","Multicentric","1"
"562",562,"Has Results","All","Phase 3","Industry","March 12, 2013",2014-04-14,2014-05-09,2017-03-27,1078,"Multicentric","Multicentric","1"
"563",563,"Has Results","All","Phase 3","Industry","March 12, 2013",2014-05-22,2014-06-12,2017-03-27,1040,"Multicentric","Multicentric","1"
"564",564,"Has Results","All","Phase 4","Industry","November 2009",2011-05-01,2011-05-01,2012-06-20,416,"Multicentric","Multicentric","1"
"565",565,"No Results Available","Female","Phase 2","Industry","December 2013",2016-10-01,2016-10-01,NA,NA,"Multicentric","Multicentric","1"
"566",566,"Has Results","Female","Phase 2","Industry","May 15, 2014",2016-05-04,2016-05-04,2017-12-08,583,"Multicentric","Multicentric","1"
"567",567,"No Results Available","All","Phase 2","Industry","January 2012",2013-05-01,2013-05-01,NA,NA,"Multicentric","Multicentric","1"
"568",568,"No Results Available","All","Phase 2","Industry","July 1, 2011",2017-06-14,2017-06-14,NA,NA,"Multicentric","Multicentric","1"
"569",569,"Has Results","All","Phase 3","Industry","March 2011",2014-06-01,2014-06-01,2015-11-06,523,"Multicentric","Multicentric","1"
"570",570,"Has Results","All","Phase 2","Industry","June 29, 2011",2013-06-28,2017-12-22,2015-11-23,878,"Multicentric","Multicentric","1"
"571",571,"No Results Available","All","Phase 3","Industry","November 2011",2016-11-01,2016-11-01,NA,NA,"Multicentric","Multicentric","1"
"572",572,"Has Results","All","Phase 3","Industry","March 12, 2009",2014-12-17,2017-10-25,2016-07-25,586,"Multicentric","Multicentric","1"
"573",573,"No Results Available","All","Phase 2","Industry","September 27, 2013",2015-07-29,2017-02-08,NA,NA,"Multicentric","Multicentric","1"
"574",574,"Has Results","All","Phase 2","Industry","October 2009",2015-05-01,2015-05-01,2016-06-28,424,"Multicentric","Multicentric","1"
"575",575,"No Results Available","All","Phase 3","Industry","July 2013",2014-01-01,2014-03-01,NA,NA,"Multicentric","Multicentric","1"
"576",576,"No Results Available","All","Phase 3","Industry","June 2009",2016-12-01,2017-03-01,NA,NA,"Multicentric","Multicentric","1"
"577",577,"No Results Available","All","Phase 2","Industry","November 13, 2013",2017-01-19,2017-01-19,NA,NA,"Multicentric","Multicentric","1"
"578",578,"Has Results","All","Phase 2","Industry","November 16, 2015",2017-06-15,2017-06-15,2018-08-02,413,"Multicentric","Multicentric","1"
"579",579,"Has Results","All","Phase 3","Industry","December 22, 2008",2013-03-20,2018-05-17,2014-03-26,371,"Multicentric","Multicentric","1"
"580",580,"Has Results","All","Phase 2","Industry","March 2012",2013-02-01,2015-11-01,2013-12-16,318,"Multicentric","Multicentric","1"
"581",581,"Has Results","All","Phase 2","Industry","May 2013",2015-05-01,2015-05-01,2016-05-20,385,"Multicentric","Multicentric","1"
"582",582,"Has Results","All","Phase 3","Industry","August 15, 2008",2013-11-29,2014-11-28,2014-12-01,367,"Multicentric","Multicentric","1"
"583",583,"Has Results","All","Phase 3","Industry","August 16, 2011",2017-01-26,2017-01-26,2018-06-19,509,"Multicentric","Multicentric","1"
"584",584,"No Results Available","All","Phase 2","Industry","December 2008",2011-06-01,2014-01-01,NA,NA,"Multicentric","Multicentric","1"
"585",585,"Has Results","All","Phase 3","Industry","July 24, 2009",2016-06-15,2016-06-15,2017-07-12,392,"Multicentric","Multicentric","1"
"586",586,"Has Results","All","Phase 3","Industry","January 26, 2010",2013-03-17,2018-05-09,2015-06-18,823,"Multicentric","Multicentric","1"
"587",587,"Has Results","All","Phase 3","Industry","December 21, 2011",2015-02-11,2017-09-14,2016-12-05,663,"Multicentric","Multicentric","1"
"588",588,"Has Results","All","Phase 3","Industry","June 2009",2015-07-01,2015-07-01,2016-08-16,412,"Multicentric","Multicentric","1"
"589",589,"No Results Available","All","Phase 2","Other","December 2013",2015-10-01,2015-10-01,NA,NA,"Multicentric","Multicentric","1"
"590",590,"Has Results","All","Phase 2|Phase 3","Industry","January 2010",2012-05-01,2013-11-01,2014-06-24,784,"Multicentric","Multicentric","1"
"591",591,"No Results Available","Female","Phase 3","Industry","July 2010",2011-11-01,2012-02-01,NA,NA,"Multicentric","Multicentric","1"
"592",592,"Has Results","Female","Phase 3","Industry","August 2008",2010-01-01,2010-06-01,2012-11-16,1050,"Multicentric","Multicentric","1"
"593",593,"No Results Available","Female","Phase 3","Industry","January 2011",2013-08-01,2014-01-01,NA,NA,"Multicentric","Multicentric","1"
"594",594,"No Results Available","Female","Phase 2","Industry","June 2015",2016-10-01,2016-10-01,NA,NA,"Multicentric","Multicentric","1"
"595",595,"Has Results","All","Phase 3","Industry","April 2009",2011-06-01,2015-11-01,2012-08-28,454,"Multicentric","Multicentric","1"
"596",596,"No Results Available","Female","Phase 3","Industry","July 2012",2015-03-01,2015-04-01,NA,NA,"Multicentric","Multicentric","1"
"597",597,"No Results Available","All","Phase 1|Phase 2","Other","December 2009",2014-04-01,2014-04-01,NA,NA,"Multicentric","Multicentric","1"
"598",598,"Has Results","All","Phase 3","Industry","November 11, 2013",2017-04-11,2017-04-11,2018-07-04,449,"Multicentric","Multicentric","1"
"599",599,"No Results Available","All","Phase 2","Other","July 2010",2013-09-01,2015-05-01,NA,NA,"Multicentric","Multicentric","1"
"600",600,"Has Results","All","Phase 2","Other","July 2009",2013-12-01,2016-07-01,2018-11-01,1796,"Multicentric","Multicentric","1"
"601",601,"Has Results","All","Phase 1|Phase 2","Industry","April 2010",2014-06-01,2014-11-01,2016-10-10,862,"Multicentric","Multicentric","1"
"602",602,"No Results Available","All","Phase 2","Other","January 2012",2013-07-01,2016-11-01,NA,NA,"Multicentric","Multicentric","1"
"603",603,"Has Results","All","Phase 3","Industry","August 2, 2012",2016-03-08,2017-01-04,2018-01-17,680,"Multicentric","Multicentric","1"
"604",604,"Has Results","All","Phase 2","Industry","September 2011",2015-03-01,2015-12-01,2016-06-14,471,"Multicentric","Multicentric","1"
"605",605,"No Results Available","All","Phase 1","Industry","January 2009",2011-12-01,2011-12-01,NA,NA,"Multicentric","Multicentric","1"
"606",606,"Has Results","All","Phase 3","Industry","February 15, 2011",2012-06-12,2017-10-31,2015-08-05,1149,"Multicentric","Multicentric","1"
"607",607,"No Results Available","All","Phase 1","Industry","April 2012",2015-01-01,2015-01-01,NA,NA,"Multicentric","Multicentric","1"
"608",608,"Has Results","All","Phase 2","Industry","December 2011",2013-10-01,2017-01-01,2015-01-22,478,"Multicentric","Multicentric","1"
"609",609,"Has Results","All","Phase 2","Industry","June 2010",2012-07-01,2012-07-01,2014-12-08,890,"Multicentric","Multicentric","1"
"610",610,"Has Results","Female","Phase 3","Industry","August 5, 2009",2014-01-20,2014-01-20,2015-01-15,360,"Multicentric","Multicentric","1"
"611",611,"No Results Available","All","Phase 1","Industry","February 2009",2015-11-01,2015-11-01,NA,NA,"Multicentric","Multicentric","1"
"612",612,"No Results Available","All","Phase 2","Industry","November 2009",2013-03-01,2015-06-01,NA,NA,"Multicentric","Multicentric","1"
"613",613,"No Results Available","All","Phase 2","Industry","June 2015",2016-03-01,2016-06-01,NA,NA,"Multicentric","Multicentric","1"
"614",614,"No Results Available","All","Phase 3","Industry","December 27, 2012",2017-03-28,2017-03-28,NA,NA,"Multicentric","Multicentric","1"
"615",615,"Has Results","All","Phase 2","Industry","December 5, 2012",2015-07-04,2016-10-24,2018-01-05,916,"Multicentric","Multicentric","1"
"616",616,"No Results Available","All","Phase 2","Industry","February 2012",2015-08-01,2015-08-01,NA,NA,"Multicentric","Multicentric","1"
"617",617,"Has Results","All","Phase 3","Industry","March 1, 2011",2016-02-24,2016-02-24,2017-12-18,663,"Multicentric","Multicentric","1"
"618",618,"Has Results","All","Phase 3","Industry","February 17, 2012",2016-02-06,2017-08-17,2017-03-24,412,"Multicentric","Multicentric","1"
"619",619,"Has Results","All","Phase 2","Industry","March 2009",2011-07-01,2013-02-01,2012-09-24,451,"Multicentric","Multicentric","1"
"620",620,"Has Results","All","Phase 3","Industry","May 21, 2009",2012-04-17,2018-05-23,2013-09-30,531,"Multicentric","Multicentric","1"
"621",621,"Has Results","All","Phase 3","Industry","April 2010",2013-10-01,2013-10-01,2014-10-27,391,"Multicentric","Multicentric","1"
"622",622,"Has Results","All","Phase 2","Industry","April 30, 2013",2015-08-27,2016-08-31,2016-08-04,343,"Multicentric","Multicentric","1"
"623",623,"Has Results","All","Phase 2","Industry","May 6, 2013",2016-10-05,2016-10-05,2017-06-14,252,"Multicentric","Multicentric","1"
"624",624,"No Results Available","All","Phase 2","Industry","August 19, 2013",2017-01-13,2017-05-05,NA,NA,"Multicentric","Multicentric","1"
"625",625,"Has Results","All","Phase 3","Industry","October 2010",2014-03-01,2015-03-01,2015-03-26,390,"Multicentric","Multicentric","1"
"626",626,"Has Results","All","Phase 1","Industry","November 2013",2014-10-01,2015-06-01,2016-02-09,496,"Multicentric","Multicentric","1"
"627",627,"No Results Available","All","Phase 2","Industry","June 29, 2012",2016-01-21,2016-01-21,NA,NA,"Multicentric","Multicentric","1"
"628",628,"No Results Available","All","Phase 2","Industry","July 2012",2014-01-01,2014-01-01,NA,NA,"Multicentric","Multicentric","1"
"629",629,"Has Results","All","Phase 3","Industry","June 29, 2009",2013-02-28,2015-09-09,2013-05-20,81,"Multicentric","Multicentric","1"
"630",630,"No Results Available","All","Phase 3","Industry","July 20, 2009",2012-09-28,2018-01-26,NA,NA,"Multicentric","Multicentric","1"
"631",631,"Has Results","All","Phase 2","Industry","July 2009",2011-11-01,2014-11-01,2015-12-09,1499,"Multicentric","Multicentric","1"
"632",632,"Has Results","All","Phase 3","Industry|Other","April 2009",2012-06-01,2014-02-01,2014-06-05,734,"Multicentric","Multicentric","1"
"633",633,"Has Results","All","Phase 1","Industry","April 14, 2011",2013-04-25,2017-01-17,2018-09-10,1964,"Multicentric","Multicentric","1"
"634",634,"Has Results","All","Phase 3","Industry","December 2010",2012-10-01,2012-10-01,2014-03-17,532,"Multicentric","Multicentric","1"
"635",635,"No Results Available","All","Phase 2","Industry","October 2011",2013-05-01,2015-07-01,NA,NA,"Multicentric","Multicentric","1"
"636",636,"Has Results","All","Phase 2","Industry","July 2011",2015-07-01,2015-07-01,2016-08-01,397,"Multicentric","Multicentric","1"
"637",637,"No Results Available","All","Phase 3","Industry","May 2009",2012-06-01,2013-09-01,NA,NA,"Multicentric","Multicentric","1"
"638",638,"No Results Available","All","Phase 1|Phase 2","Industry","April 2011",2015-08-01,2016-11-01,NA,NA,"Multicentric","Multicentric","1"
"639",639,"Has Results","All","Phase 2|Phase 3","Industry","September 1, 2010",2013-07-04,2018-04-05,2014-08-20,412,"Multicentric","Multicentric","1"
"640",640,"No Results Available","All","Phase 1|Phase 2","Industry","December 2014",2017-01-01,2017-05-01,NA,NA,"Multicentric","Multicentric","1"
"641",641,"Has Results","All","Phase 3","Industry","November 4, 2011",2016-12-21,2016-12-21,2018-04-11,476,"Multicentric","Multicentric","1"
"642",642,"Has Results","All","Phase 3","Industry","June 2012",2014-03-01,2016-05-01,2015-04-07,402,"Multicentric","Multicentric","1"
"643",643,"Has Results","All","Phase 3","Industry","April 29, 2013",2017-10-25,2017-10-25,2018-11-07,378,"Multicentric","Multicentric","1"
"644",644,"Has Results","All","Phase 3","Industry","July 2009",2015-03-01,2015-03-01,2012-05-30,-1005,"Multicentric","Multicentric","1"
"645",645,"No Results Available","All","Phase 2","Other","April 2011",2015-04-01,2015-04-01,NA,NA,"Multicentric","Multicentric","1"
"646",646,"No Results Available","All","Phase 2","Other","May 2011",2015-11-01,2015-11-01,NA,NA,"Multicentric","Multicentric","1"
"647",647,"No Results Available","All","Phase 1","Industry|Other","April 2009",2012-12-01,2013-09-01,NA,NA,"Multicentric","Multicentric","1"
"648",648,"No Results Available","All","Phase 2","Other","May 2009",2013-12-01,2013-12-01,NA,NA,"Multicentric","Multicentric","1"
"649",649,"Has Results","All","Phase 1|Phase 2","Industry","August 9, 2011",2015-02-05,2016-10-05,2018-03-27,1146,"Multicentric","Multicentric","1"
"650",650,"No Results Available","All","Phase 2","Industry","September 2008",2013-08-01,2013-08-01,NA,NA,"Multicentric","Multicentric","1"
"651",651,"No Results Available","All","Phase 2","Other","January 2008",2010-02-01,2012-06-01,NA,NA,"Multicentric","Multicentric","1"
"652",652,"Has Results","All","Phase 3","Industry|Other","December 31, 2009",2013-08-31,2017-08-23,2014-10-10,405,"Multicentric","Multicentric","1"
"653",653,"Has Results","All","Phase 3","Industry|Other","December 22, 2009",2012-08-01,2017-08-23,2014-01-28,545,"Multicentric","Multicentric","1"
"654",654,"Has Results","All","Phase 3","Industry","November 4, 2013",2016-12-29,2018-10-06,2018-10-29,669,"Multicentric","Multicentric","1"
"655",655,"Has Results","All","Phase 3","Industry","August 24, 2012",2014-10-21,2016-09-16,2016-02-12,479,"Multicentric","Multicentric","1"
"656",656,"Has Results","All","Phase 3","Industry","March 2013",2015-05-01,2015-05-01,2016-05-04,369,"Multicentric","Multicentric","1"
"657",657,"Has Results","All","Phase 3","Industry","June 11, 2012",2015-06-30,2017-12-18,2018-07-31,1127,"Multicentric","Multicentric","1"
"658",658,"Has Results","All","Phase 3","Industry","December 4, 2012",2015-01-15,2018-08-15,2017-03-31,806,"Multicentric","Multicentric","1"
"659",659,"No Results Available","All","Phase 3","Industry","March 31, 2014",2017-08-29,2018-04-24,NA,NA,"Multicentric","Multicentric","1"
"660",660,"Has Results","All","Phase 3","Industry|Other","July 31, 2011",2016-04-29,2018-01-31,2017-08-17,475,"Multicentric","Multicentric","1"
"661",661,"Has Results","All","Phase 1","Industry","April 18, 2011",2014-05-07,2017-11-17,2015-12-15,587,"Multicentric","Multicentric","1"
"662",662,"No Results Available","All","Phase 3","Industry","December 1, 2011",2015-07-10,2018-01-22,NA,NA,"Multicentric","Multicentric","1"
"663",663,"Has Results","All","Phase 4","Industry","March 2010",2014-03-01,2014-03-01,2015-06-25,481,"Multicentric","Multicentric","1"
"664",664,"Has Results","All","Phase 3","Industry|Other","December 21, 2009",2012-07-01,2017-08-23,2014-04-01,639,"Multicentric","Multicentric","1"
"665",665,"Has Results","All","Phase 2","Industry","June 2010",2014-12-01,2014-12-01,2015-11-26,360,"Multicentric","Multicentric","1"
"666",666,"Has Results","All","Phase 3","Industry","December 10, 2012",2015-06-05,2016-12-15,2017-03-01,635,"Multicentric","Multicentric","1"
"667",667,"Has Results","All","Phase 3","Industry","May 6, 2010",2014-06-19,2018-06-26,2015-04-21,306,"Multicentric","Multicentric","1"
"668",668,"No Results Available","All","Phase 2","Industry","December 2008",2014-10-01,2014-10-01,NA,NA,"Multicentric","Multicentric","1"
"669",669,"No Results Available","All","Phase 1","Industry","February 28, 2014",2016-07-07,2016-07-07,NA,NA,"Multicentric","Multicentric","1"
"670",670,"Has Results","All","Phase 3","Industry","February 2008",2010-08-01,2015-05-01,2012-11-05,827,"Multicentric","Multicentric","1"
"671",671,"No Results Available","All","Phase 1","Industry","December 30, 2011",2017-05-17,2017-05-17,NA,NA,"Multicentric","Multicentric","1"
"672",672,"Has Results","All","Phase 3","Industry","May 1, 2008",2014-01-01,2017-06-17,2014-11-17,320,"Multicentric","Multicentric","1"
"673",673,"No Results Available","All","Phase 2","Industry","January 2012",2016-09-01,2016-09-01,NA,NA,"Multicentric","Multicentric","1"
"674",674,"No Results Available","All","Phase 3","Industry|Other","September 2013",2016-07-01,2016-07-01,NA,NA,"Multicentric","Multicentric","1"
"675",675,"No Results Available","All","Phase 1","Industry","September 2009",2013-07-01,2013-07-01,NA,NA,"Multicentric","Multicentric","1"
"676",676,"Has Results","All","Phase 2","Industry","December 22, 2008",2012-10-15,2017-11-08,2013-09-09,329,"Multicentric","Multicentric","1"
"677",677,"No Results Available","All","Phase 2","Industry","April 17, 2013",2016-05-18,2016-05-18,NA,NA,"Multicentric","Multicentric","1"
"678",678,"Has Results","All","Phase 3","Industry","June 11, 2012",2016-05-31,2018-07-06,2018-03-16,654,"Multicentric","Multicentric","1"
"679",679,"No Results Available","All","Phase 2","Industry","November 2011",2014-11-01,2016-07-01,NA,NA,"Multicentric","Multicentric","1"
"680",680,"Has Results","All","Phase 1|Phase 2","Industry","September 2010",2014-12-01,2014-12-01,2017-01-06,767,"Multicentric","Multicentric","1"
"681",681,"No Results Available","All","Phase 2|Phase 3","Industry","March 2014",2016-03-01,2017-09-01,NA,NA,"Multicentric","Multicentric","1"
"682",682,"Has Results","All","Phase 2","Industry","February 28, 2013",2017-07-21,2017-07-21,2018-09-28,434,"Multicentric","Multicentric","1"
"683",683,"No Results Available","All","Phase 1","Industry","January 2012",2014-02-01,2014-02-01,NA,NA,"Multicentric","Multicentric","1"
"684",684,"No Results Available","All","Phase 2","Industry","August 2012",2015-05-01,2015-05-01,NA,NA,"Multicentric","Multicentric","1"
"685",685,"No Results Available","All","Phase 1","Industry","February 2011",2012-05-01,2012-05-01,NA,NA,"Multicentric","Multicentric","1"
"686",686,"Has Results","All","Phase 2","Industry","October 19, 2009",2017-09-05,2017-09-05,2018-10-02,392,"Multicentric","Multicentric","1"
"687",687,"Has Results","All","Phase 2","Industry","January 28, 2014",2017-03-22,2017-04-05,2018-10-31,588,"Multicentric","Multicentric","1"
"688",688,"No Results Available","All","Phase 2","Industry","April 13, 2016",2017-04-11,2017-05-02,NA,NA,"Multicentric","Multicentric","1"
"689",689,"No Results Available","All","Phase 2","Industry","September 2009",2010-11-01,2013-03-01,NA,NA,"Multicentric","Multicentric","1"
"690",690,"Has Results","All","Phase 2","Industry","June 2008",2012-01-01,NA,2013-10-23,661,"Multicentric","Multicentric","1"
"691",691,"Has Results","All","Phase 2","Industry","March 2012",2014-05-01,2014-10-01,2015-05-28,392,"Multicentric","Multicentric","1"
"692",692,"No Results Available","All","Phase 4","Industry","July 2011",2013-03-01,2013-12-01,NA,NA,"Multicentric","Multicentric","1"
"693",693,"Has Results","All","Phase 3","Industry","July 19, 2010",2013-01-22,2017-02-28,2015-01-21,729,"Multicentric","Multicentric","1"
"694",694,"Has Results","All","Phase 1|Phase 2","Industry","April 16, 2012",2016-10-12,2018-04-12,2017-05-15,215,"Multicentric","Multicentric","1"
"695",695,"Has Results","All","Phase 3","Industry","June 2011",2016-07-01,2016-07-01,2018-01-04,552,"Multicentric","Multicentric","1"
"696",696,"Has Results","All","Phase 2","Industry","March 18, 2010",2013-03-25,2017-02-24,2014-08-20,513,"Multicentric","Multicentric","1"
